timestamp,building_id,energy_consumption,site_id,sqm,lat,lng,timezone,industry,yearbuilt,numberoffloors,occupants,airTemperature
2017-03-01 00:00:00,Wolf_education_Josefa,4.565,Wolf,750.0,53.34979999999997,6.2603,Europe/Dublin,Education,,,,4.0
2017-03-01 01:00:00,Wolf_education_Josefa,4.7825,Wolf,750.0,53.34979999999997,6.2603,Europe/Dublin,Education,,,,3.7
2017-03-01 02:00:00,Wolf_education_Josefa,4.815,Wolf,750.0,53.34979999999997,6.2603,Europe/Dublin,Education,,,,2.6
2017-03-01 03:00:00,Wolf_education_Josefa,4.585,Wolf,750.0,53.34979999999997,6.2603,Europe/Dublin,Education,,,,3.0
2017-03-01 04:00:00,Wolf_education_Josefa,4.9575,Wolf,750.0,53.34979999999997,6.2603,Europe/Dublin,Education,,,,2.5
2017-03-01 05:00:00,Wolf_education_Josefa,4.725,Wolf,750.0,53.34979999999997,6.2603,Europe/Dublin,Education,,,,3.0
2017-03-01 06:00:00,Wolf_education_Josefa,5.0075,Wolf,750.0,53.34979999999997,6.2603,Europe/Dublin,Education,,,,2.7
2017-03-01 07:00:00,Wolf_education_Josefa,5.5525,Wolf,750.0,53.34979999999997,6.2603,Europe/Dublin,Education,,,,2.5
2017-03-01 08:00:00,Wolf_education_Josefa,6.8175,Wolf,750.0,53.34979999999997,6.2603,Europe/Dublin,Education,,,,2.7
2017-03-01 09:00:00,Wolf_education_Josefa,5.3825,Wolf,750.0,53.34979999999997,6.2603,Europe/Dublin,Education,,,,4.2
2017-03-01 10:00:00,Wolf_education_Josefa,6.2275,Wolf,750.0,53.34979999999997,6.2603,Europe/Dublin,Education,,,,5.5
2017-03-01 11:00:00,Wolf_education_Josefa,8.365,Wolf,750.0,53.34979999999997,6.2603,Europe/Dublin,Education,,,,7.0
2017-03-01 12:00:00,Wolf_education_Josefa,6.9675,Wolf,750.0,53.34979999999997,6.2603,Europe/Dublin,Education,,,,8.2
2017-03-01 13:00:00,Wolf_education_Josefa,6.955,Wolf,750.0,53.34979999999997,6.2603,Europe/Dublin,Education,,,,7.8
2017-03-01 14:00:00,Wolf_education_Josefa,6.9025,Wolf,750.0,53.34979999999997,6.2603,Europe/Dublin,Education,,,,7.7
2017-03-01 15:00:00,Wolf_education_Josefa,7.3375,Wolf,750.0,53.34979999999997,6.2603,Europe/Dublin,Education,,,,8.1
2017-03-01 16:00:00,Wolf_education_Josefa,7.595,Wolf,750.0,53.34979999999997,6.2603,Europe/Dublin,Education,,,,7.9
2017-03-01 17:00:00,Wolf_education_Josefa,7.7225,Wolf,750.0,53.34979999999997,6.2603,Europe/Dublin,Education,,,,7.3
2017-03-01 18:00:00,Wolf_education_Josefa,5.38,Wolf,750.0,53.34979999999997,6.2603,Europe/Dublin,Education,,,,4.0
2017-03-01 19:00:00,Wolf_education_Josefa,4.295,Wolf,750.0,53.34979999999997,6.2603,Europe/Dublin,Education,,,,4.6
2017-03-01 20:00:00,Wolf_education_Josefa,4.03,Wolf,750.0,53.34979999999997,6.2603,Europe/Dublin,Education,,,,4.5
2017-03-01 21:00:00,Wolf_education_Josefa,4.18,Wolf,750.0,53.34979999999997,6.2603,Europe/Dublin,Education,,,,4.2
2017-03-01 22:00:00,Wolf_education_Josefa,4.1475,Wolf,750.0,53.34979999999997,6.2603,Europe/Dublin,Education,,,,4.4
2017-03-01 23:00:00,Wolf_education_Josefa,4.015,Wolf,750.0,53.34979999999997,6.2603,Europe/Dublin,Education,,,,4.0
2017-03-02 00:00:00,Wolf_education_Josefa,4.465,Wolf,750.0,53.34979999999997,6.2603,Europe/Dublin,Education,,,,3.3
2017-03-02 01:00:00,Wolf_education_Josefa,4.24,Wolf,750.0,53.34979999999997,6.2603,Europe/Dublin,Education,,,,3.0
2017-03-02 02:00:00,Wolf_education_Josefa,4.3275,Wolf,750.0,53.34979999999997,6.2603,Europe/Dublin,Education,,,,4.3
2017-03-02 03:00:00,Wolf_education_Josefa,4.4725,Wolf,750.0,53.34979999999997,6.2603,Europe/Dublin,Education,,,,4.5
2017-03-02 04:00:00,Wolf_education_Josefa,3.9375,Wolf,750.0,53.34979999999997,6.2603,Europe/Dublin,Education,,,,4.4
2017-03-02 05:00:00,Wolf_education_Josefa,4.6275,Wolf,750.0,53.34979999999997,6.2603,Europe/Dublin,Education,,,,4.0
2017-03-02 06:00:00,Wolf_education_Josefa,4.84,Wolf,750.0,53.34979999999997,6.2603,Europe/Dublin,Education,,,,3.3
2017-03-02 07:00:00,Wolf_education_Josefa,11.1725,Wolf,750.0,53.34979999999997,6.2603,Europe/Dublin,Education,,,,3.8
2017-03-02 08:00:00,Wolf_education_Josefa,17.4275,Wolf,750.0,53.34979999999997,6.2603,Europe/Dublin,Education,,,,3.6
2017-03-02 09:00:00,Wolf_education_Josefa,15.7575,Wolf,750.0,53.34979999999997,6.2603,Europe/Dublin,Education,,,,4.6
2017-03-02 10:00:00,Wolf_education_Josefa,22.5025,Wolf,750.0,53.34979999999997,6.2603,Europe/Dublin,Education,,,,5.9
2017-03-02 11:00:00,Wolf_education_Josefa,23.175,Wolf,750.0,53.34979999999997,6.2603,Europe/Dublin,Education,,,,6.6
2017-03-02 12:00:00,Wolf_education_Josefa,21.62,Wolf,750.0,53.34979999999997,6.2603,Europe/Dublin,Education,,,,6.7
2017-03-02 13:00:00,Wolf_education_Josefa,24.0575,Wolf,750.0,53.34979999999997,6.2603,Europe/Dublin,Education,,,,6.8
2017-03-02 14:00:00,Wolf_education_Josefa,16.67,Wolf,750.0,53.34979999999997,6.2603,Europe/Dublin,Education,,,,6.5
2017-03-02 15:00:00,Wolf_education_Josefa,16.795,Wolf,750.0,53.34979999999997,6.2603,Europe/Dublin,Education,,,,6.2
2017-03-02 16:00:00,Wolf_education_Josefa,16.795,Wolf,750.0,53.34979999999997,6.2603,Europe/Dublin,Education,,,,6.6
2017-03-02 17:00:00,Wolf_education_Josefa,17.4075,Wolf,750.0,53.34979999999997,6.2603,Europe/Dublin,Education,,,,6.0
2017-03-02 18:00:00,Wolf_education_Josefa,12.575,Wolf,750.0,53.34979999999997,6.2603,Europe/Dublin,Education,,,,6.7
2017-03-02 19:00:00,Wolf_education_Josefa,12.0675,Wolf,750.0,53.34979999999997,6.2603,Europe/Dublin,Education,,,,7.0
2017-03-02 20:00:00,Wolf_education_Josefa,8.315,Wolf,750.0,53.34979999999997,6.2603,Europe/Dublin,Education,,,,6.7
2017-03-02 21:00:00,Wolf_education_Josefa,5.2975,Wolf,750.0,53.34979999999997,6.2603,Europe/Dublin,Education,,,,7.3
2017-03-02 22:00:00,Wolf_education_Josefa,4.95,Wolf,750.0,53.34979999999997,6.2603,Europe/Dublin,Education,,,,6.9
2017-03-02 23:00:00,Wolf_education_Josefa,4.3425,Wolf,750.0,53.34979999999997,6.2603,Europe/Dublin,Education,,,,6.4
2017-03-03 00:00:00,Wolf_education_Josefa,3.8775,Wolf,750.0,53.34979999999997,6.2603,Europe/Dublin,Education,,,,6.3
2017-03-03 01:00:00,Wolf_education_Josefa,4.235,Wolf,750.0,53.34979999999997,6.2603,Europe/Dublin,Education,,,,6.4
2017-03-03 02:00:00,Wolf_education_Josefa,4.0,Wolf,750.0,53.34979999999997,6.2603,Europe/Dublin,Education,,,,4.8
2017-03-03 03:00:00,Wolf_education_Josefa,4.005,Wolf,750.0,53.34979999999997,6.2603,Europe/Dublin,Education,,,,4.6
2017-03-03 04:00:00,Wolf_education_Josefa,4.665,Wolf,750.0,53.34979999999997,6.2603,Europe/Dublin,Education,,,,4.1
2017-03-03 05:00:00,Wolf_education_Josefa,4.555,Wolf,750.0,53.34979999999997,6.2603,Europe/Dublin,Education,,,,3.5
2017-03-03 06:00:00,Wolf_education_Josefa,5.3075,Wolf,750.0,53.34979999999997,6.2603,Europe/Dublin,Education,,,,5.5
2017-03-03 07:00:00,Wolf_education_Josefa,12.6575,Wolf,750.0,53.34979999999997,6.2603,Europe/Dublin,Education,,,,6.4
2017-03-03 08:00:00,Wolf_education_Josefa,13.9975,Wolf,750.0,53.34979999999997,6.2603,Europe/Dublin,Education,,,,6.6
2017-03-03 09:00:00,Wolf_education_Josefa,15.0025,Wolf,750.0,53.34979999999997,6.2603,Europe/Dublin,Education,,,,6.9
2017-03-03 10:00:00,Wolf_education_Josefa,20.21,Wolf,750.0,53.34979999999997,6.2603,Europe/Dublin,Education,,,,6.6
2017-03-03 11:00:00,Wolf_education_Josefa,15.825,Wolf,750.0,53.34979999999997,6.2603,Europe/Dublin,Education,,,,6.6
2017-03-03 12:00:00,Wolf_education_Josefa,16.835,Wolf,750.0,53.34979999999997,6.2603,Europe/Dublin,Education,,,,6.6
2017-03-03 13:00:00,Wolf_education_Josefa,15.8825,Wolf,750.0,53.34979999999997,6.2603,Europe/Dublin,Education,,,,7.2
2017-03-03 14:00:00,Wolf_education_Josefa,14.265,Wolf,750.0,53.34979999999997,6.2603,Europe/Dublin,Education,,,,6.8
2017-03-03 15:00:00,Wolf_education_Josefa,18.28,Wolf,750.0,53.34979999999997,6.2603,Europe/Dublin,Education,,,,6.4
2017-03-03 16:00:00,Wolf_education_Josefa,16.4425,Wolf,750.0,53.34979999999997,6.2603,Europe/Dublin,Education,,,,6.5
2017-03-03 17:00:00,Wolf_education_Josefa,14.9575,Wolf,750.0,53.34979999999997,6.2603,Europe/Dublin,Education,,,,8.1
2017-03-03 18:00:00,Wolf_education_Josefa,8.8525,Wolf,750.0,53.34979999999997,6.2603,Europe/Dublin,Education,,,,8.0
2017-03-03 19:00:00,Wolf_education_Josefa,4.115,Wolf,750.0,53.34979999999997,6.2603,Europe/Dublin,Education,,,,7.9
2017-03-03 20:00:00,Wolf_education_Josefa,4.24,Wolf,750.0,53.34979999999997,6.2603,Europe/Dublin,Education,,,,7.9
2017-03-03 21:00:00,Wolf_education_Josefa,4.07,Wolf,750.0,53.34979999999997,6.2603,Europe/Dublin,Education,,,,7.7
2017-03-03 22:00:00,Wolf_education_Josefa,4.2025,Wolf,750.0,53.34979999999997,6.2603,Europe/Dublin,Education,,,,7.9
2017-03-03 23:00:00,Wolf_education_Josefa,3.9825,Wolf,750.0,53.34979999999997,6.2603,Europe/Dublin,Education,,,,7.8
2017-03-04 00:00:00,Wolf_education_Josefa,4.22,Wolf,750.0,53.34979999999997,6.2603,Europe/Dublin,Education,,,,7.6
2017-03-04 01:00:00,Wolf_education_Josefa,4.045,Wolf,750.0,53.34979999999997,6.2603,Europe/Dublin,Education,,,,6.5
2017-03-04 02:00:00,Wolf_education_Josefa,4.4625,Wolf,750.0,53.34979999999997,6.2603,Europe/Dublin,Education,,,,5.6
2017-03-04 03:00:00,Wolf_education_Josefa,4.305,Wolf,750.0,53.34979999999997,6.2603,Europe/Dublin,Education,,,,5.5
2017-03-04 04:00:00,Wolf_education_Josefa,4.7525,Wolf,750.0,53.34979999999997,6.2603,Europe/Dublin,Education,,,,6.1
2017-03-04 05:00:00,Wolf_education_Josefa,4.765,Wolf,750.0,53.34979999999997,6.2603,Europe/Dublin,Education,,,,6.2
2017-03-04 06:00:00,Wolf_education_Josefa,10.6775,Wolf,750.0,53.34979999999997,6.2603,Europe/Dublin,Education,,,,5.8
2017-03-04 07:00:00,Wolf_education_Josefa,15.69,Wolf,750.0,53.34979999999997,6.2603,Europe/Dublin,Education,,,,5.7
2017-03-04 08:00:00,Wolf_education_Josefa,17.08,Wolf,750.0,53.34979999999997,6.2603,Europe/Dublin,Education,,,,6.2
2017-03-04 09:00:00,Wolf_education_Josefa,17.4825,Wolf,750.0,53.34979999999997,6.2603,Europe/Dublin,Education,,,,6.4
2017-03-04 10:00:00,Wolf_education_Josefa,14.5475,Wolf,750.0,53.34979999999997,6.2603,Europe/Dublin,Education,,,,8.9
2017-03-04 11:00:00,Wolf_education_Josefa,15.3125,Wolf,750.0,53.34979999999997,6.2603,Europe/Dublin,Education,,,,8.8
2017-03-04 12:00:00,Wolf_education_Josefa,15.0025,Wolf,750.0,53.34979999999997,6.2603,Europe/Dublin,Education,,,,8.1
2017-03-04 13:00:00,Wolf_education_Josefa,12.5125,Wolf,750.0,53.34979999999997,6.2603,Europe/Dublin,Education,,,,6.9
2017-03-04 14:00:00,Wolf_education_Josefa,14.8475,Wolf,750.0,53.34979999999997,6.2603,Europe/Dublin,Education,,,,6.9
2017-03-04 15:00:00,Wolf_education_Josefa,15.1475,Wolf,750.0,53.34979999999997,6.2603,Europe/Dublin,Education,,,,7.1
2017-03-04 16:00:00,Wolf_education_Josefa,11.85,Wolf,750.0,53.34979999999997,6.2603,Europe/Dublin,Education,,,,6.5
2017-03-04 17:00:00,Wolf_education_Josefa,7.81,Wolf,750.0,53.34979999999997,6.2603,Europe/Dublin,Education,,,,6.6
2017-03-04 18:00:00,Wolf_education_Josefa,8.395,Wolf,750.0,53.34979999999997,6.2603,Europe/Dublin,Education,,,,5.6
2017-03-04 19:00:00,Wolf_education_Josefa,5.365,Wolf,750.0,53.34979999999997,6.2603,Europe/Dublin,Education,,,,5.4
2017-03-04 20:00:00,Wolf_education_Josefa,4.1225,Wolf,750.0,53.34979999999997,6.2603,Europe/Dublin,Education,,,,5.1
2017-03-04 21:00:00,Wolf_education_Josefa,3.9,Wolf,750.0,53.34979999999997,6.2603,Europe/Dublin,Education,,,,4.9
2017-03-04 22:00:00,Wolf_education_Josefa,4.5075,Wolf,750.0,53.34979999999997,6.2603,Europe/Dublin,Education,,,,5.2
2017-03-04 23:00:00,Wolf_education_Josefa,4.1175,Wolf,750.0,53.34979999999997,6.2603,Europe/Dublin,Education,,,,5.3
2017-03-05 00:00:00,Wolf_education_Josefa,3.985,Wolf,750.0,53.34979999999997,6.2603,Europe/Dublin,Education,,,,4.1
2017-03-05 01:00:00,Wolf_education_Josefa,4.11,Wolf,750.0,53.34979999999997,6.2603,Europe/Dublin,Education,,,,4.5
2017-03-05 02:00:00,Wolf_education_Josefa,4.2825,Wolf,750.0,53.34979999999997,6.2603,Europe/Dublin,Education,,,,4.4
2017-03-05 03:00:00,Wolf_education_Josefa,4.1925,Wolf,750.0,53.34979999999997,6.2603,Europe/Dublin,Education,,,,4.0
2017-03-05 04:00:00,Wolf_education_Josefa,4.1225,Wolf,750.0,53.34979999999997,6.2603,Europe/Dublin,Education,,,,4.6
2017-03-05 05:00:00,Wolf_education_Josefa,2.84,Wolf,750.0,53.34979999999997,6.2603,Europe/Dublin,Education,,,,4.8
2017-03-05 06:00:00,Wolf_education_Josefa,10.03,Wolf,750.0,53.34979999999997,6.2603,Europe/Dublin,Education,,,,4.4
2017-03-05 07:00:00,Wolf_education_Josefa,16.18,Wolf,750.0,53.34979999999997,6.2603,Europe/Dublin,Education,,,,3.4
2017-03-05 08:00:00,Wolf_education_Josefa,16.035,Wolf,750.0,53.34979999999997,6.2603,Europe/Dublin,Education,,,,3.8
2017-03-05 09:00:00,Wolf_education_Josefa,16.0925,Wolf,750.0,53.34979999999997,6.2603,Europe/Dublin,Education,,,,4.4
2017-03-05 10:00:00,Wolf_education_Josefa,16.245,Wolf,750.0,53.34979999999997,6.2603,Europe/Dublin,Education,,,,5.0
2017-03-05 11:00:00,Wolf_education_Josefa,15.1175,Wolf,750.0,53.34979999999997,6.2603,Europe/Dublin,Education,,,,5.3
2017-03-05 12:00:00,Wolf_education_Josefa,13.02,Wolf,750.0,53.34979999999997,6.2603,Europe/Dublin,Education,,,,5.4
2017-03-05 13:00:00,Wolf_education_Josefa,14.295,Wolf,750.0,53.34979999999997,6.2603,Europe/Dublin,Education,,,,6.3
2017-03-05 14:00:00,Wolf_education_Josefa,12.935,Wolf,750.0,53.34979999999997,6.2603,Europe/Dublin,Education,,,,6.2
2017-03-05 15:00:00,Wolf_education_Josefa,12.1425,Wolf,750.0,53.34979999999997,6.2603,Europe/Dublin,Education,,,,5.5
2017-03-05 16:00:00,Wolf_education_Josefa,10.6575,Wolf,750.0,53.34979999999997,6.2603,Europe/Dublin,Education,,,,5.6
2017-03-05 17:00:00,Wolf_education_Josefa,8.665,Wolf,750.0,53.34979999999997,6.2603,Europe/Dublin,Education,,,,6.4
2017-03-05 18:00:00,Wolf_education_Josefa,8.6075,Wolf,750.0,53.34979999999997,6.2603,Europe/Dublin,Education,,,,5.6
2017-03-05 19:00:00,Wolf_education_Josefa,5.2975,Wolf,750.0,53.34979999999997,6.2603,Europe/Dublin,Education,,,,4.8
2017-03-05 20:00:00,Wolf_education_Josefa,4.1125,Wolf,750.0,53.34979999999997,6.2603,Europe/Dublin,Education,,,,4.3
2017-03-05 21:00:00,Wolf_education_Josefa,4.0825,Wolf,750.0,53.34979999999997,6.2603,Europe/Dublin,Education,,,,4.3
2017-03-05 22:00:00,Wolf_education_Josefa,4.1725,Wolf,750.0,53.34979999999997,6.2603,Europe/Dublin,Education,,,,4.1
2017-03-05 23:00:00,Wolf_education_Josefa,4.1675,Wolf,750.0,53.34979999999997,6.2603,Europe/Dublin,Education,,,,3.6
2017-03-06 00:00:00,Wolf_education_Josefa,5.08,Wolf,750.0,53.34979999999997,6.2603,Europe/Dublin,Education,,,,3.1
2017-03-06 01:00:00,Wolf_education_Josefa,4.925,Wolf,750.0,53.34979999999997,6.2603,Europe/Dublin,Education,,,,3.2
2017-03-06 02:00:00,Wolf_education_Josefa,4.8175,Wolf,750.0,53.34979999999997,6.2603,Europe/Dublin,Education,,,,3.4
2017-03-06 03:00:00,Wolf_education_Josefa,4.95,Wolf,750.0,53.34979999999997,6.2603,Europe/Dublin,Education,,,,2.6
2017-03-06 04:00:00,Wolf_education_Josefa,3.815,Wolf,750.0,53.34979999999997,6.2603,Europe/Dublin,Education,,,,1.9
2017-03-06 05:00:00,Wolf_education_Josefa,3.22,Wolf,750.0,53.34979999999997,6.2603,Europe/Dublin,Education,,,,2.4
2017-03-06 06:00:00,Wolf_education_Josefa,3.6,Wolf,750.0,53.34979999999997,6.2603,Europe/Dublin,Education,,,,2.3
2017-03-06 07:00:00,Wolf_education_Josefa,3.8175,Wolf,750.0,53.34979999999997,6.2603,Europe/Dublin,Education,,,,2.2
2017-03-06 08:00:00,Wolf_education_Josefa,3.805,Wolf,750.0,53.34979999999997,6.2603,Europe/Dublin,Education,,,,2.1
2017-03-06 09:00:00,Wolf_education_Josefa,3.5825,Wolf,750.0,53.34979999999997,6.2603,Europe/Dublin,Education,,,,4.2
2017-03-06 10:00:00,Wolf_education_Josefa,4.01,Wolf,750.0,53.34979999999997,6.2603,Europe/Dublin,Education,,,,6.2
2017-03-06 11:00:00,Wolf_education_Josefa,4.79,Wolf,750.0,53.34979999999997,6.2603,Europe/Dublin,Education,,,,6.5
2017-03-06 12:00:00,Wolf_education_Josefa,4.695,Wolf,750.0,53.34979999999997,6.2603,Europe/Dublin,Education,,,,6.2
2017-03-06 13:00:00,Wolf_education_Josefa,4.4125,Wolf,750.0,53.34979999999997,6.2603,Europe/Dublin,Education,,,,6.3
2017-03-06 14:00:00,Wolf_education_Josefa,4.6625,Wolf,750.0,53.34979999999997,6.2603,Europe/Dublin,Education,,,,6.0
2017-03-06 15:00:00,Wolf_education_Josefa,4.815,Wolf,750.0,53.34979999999997,6.2603,Europe/Dublin,Education,,,,5.4
2017-03-06 16:00:00,Wolf_education_Josefa,4.5125,Wolf,750.0,53.34979999999997,6.2603,Europe/Dublin,Education,,,,4.8
2017-03-06 17:00:00,Wolf_education_Josefa,3.5,Wolf,750.0,53.34979999999997,6.2603,Europe/Dublin,Education,,,,4.4
2017-03-06 18:00:00,Wolf_education_Josefa,3.285,Wolf,750.0,53.34979999999997,6.2603,Europe/Dublin,Education,,,,4.6
2017-03-06 19:00:00,Wolf_education_Josefa,3.33,Wolf,750.0,53.34979999999997,6.2603,Europe/Dublin,Education,,,,4.2
2017-03-06 20:00:00,Wolf_education_Josefa,3.515,Wolf,750.0,53.34979999999997,6.2603,Europe/Dublin,Education,,,,3.3
2017-03-06 21:00:00,Wolf_education_Josefa,4.8825,Wolf,750.0,53.34979999999997,6.2603,Europe/Dublin,Education,,,,2.6
2017-03-06 22:00:00,Wolf_education_Josefa,4.885,Wolf,750.0,53.34979999999997,6.2603,Europe/Dublin,Education,,,,2.1
2017-03-06 23:00:00,Wolf_education_Josefa,4.9,Wolf,750.0,53.34979999999997,6.2603,Europe/Dublin,Education,,,,1.8
2017-03-07 00:00:00,Wolf_education_Josefa,4.205,Wolf,750.0,53.34979999999997,6.2603,Europe/Dublin,Education,,,,2.2
2017-03-07 01:00:00,Wolf_education_Josefa,4.625,Wolf,750.0,53.34979999999997,6.2603,Europe/Dublin,Education,,,,2.0
2017-03-07 02:00:00,Wolf_education_Josefa,4.1775,Wolf,750.0,53.34979999999997,6.2603,Europe/Dublin,Education,,,,2.1
2017-03-07 03:00:00,Wolf_education_Josefa,4.1975,Wolf,750.0,53.34979999999997,6.2603,Europe/Dublin,Education,,,,1.8
2017-03-07 04:00:00,Wolf_education_Josefa,3.465,Wolf,750.0,53.34979999999997,6.2603,Europe/Dublin,Education,,,,1.1
2017-03-07 05:00:00,Wolf_education_Josefa,3.4775,Wolf,750.0,53.34979999999997,6.2603,Europe/Dublin,Education,,,,2.0
2017-03-07 06:00:00,Wolf_education_Josefa,10.5325,Wolf,750.0,53.34979999999997,6.2603,Europe/Dublin,Education,,,,2.0
2017-03-07 07:00:00,Wolf_education_Josefa,15.97,Wolf,750.0,53.34979999999997,6.2603,Europe/Dublin,Education,,,,2.0
2017-03-07 08:00:00,Wolf_education_Josefa,15.47,Wolf,750.0,53.34979999999997,6.2603,Europe/Dublin,Education,,,,2.1
2017-03-07 09:00:00,Wolf_education_Josefa,14.5325,Wolf,750.0,53.34979999999997,6.2603,Europe/Dublin,Education,,,,4.5
2017-03-07 10:00:00,Wolf_education_Josefa,11.825,Wolf,750.0,53.34979999999997,6.2603,Europe/Dublin,Education,,,,6.3
2017-03-07 11:00:00,Wolf_education_Josefa,10.59,Wolf,750.0,53.34979999999997,6.2603,Europe/Dublin,Education,,,,7.3
2017-03-07 12:00:00,Wolf_education_Josefa,11.5675,Wolf,750.0,53.34979999999997,6.2603,Europe/Dublin,Education,,,,8.0
2017-03-07 13:00:00,Wolf_education_Josefa,9.5575,Wolf,750.0,53.34979999999997,6.2603,Europe/Dublin,Education,,,,7.7
2017-03-07 14:00:00,Wolf_education_Josefa,11.0125,Wolf,750.0,53.34979999999997,6.2603,Europe/Dublin,Education,,,,7.5
2017-03-07 15:00:00,Wolf_education_Josefa,11.82,Wolf,750.0,53.34979999999997,6.2603,Europe/Dublin,Education,,,,8.7
2017-03-07 16:00:00,Wolf_education_Josefa,10.9525,Wolf,750.0,53.34979999999997,6.2603,Europe/Dublin,Education,,,,10.0
2017-03-07 17:00:00,Wolf_education_Josefa,6.8175,Wolf,750.0,53.34979999999997,6.2603,Europe/Dublin,Education,,,,10.0
2017-03-07 18:00:00,Wolf_education_Josefa,8.53,Wolf,750.0,53.34979999999997,6.2603,Europe/Dublin,Education,,,,8.7
2017-03-07 19:00:00,Wolf_education_Josefa,4.535,Wolf,750.0,53.34979999999997,6.2603,Europe/Dublin,Education,,,,8.3
2017-03-07 20:00:00,Wolf_education_Josefa,3.19,Wolf,750.0,53.34979999999997,6.2603,Europe/Dublin,Education,,,,8.0
2017-03-07 21:00:00,Wolf_education_Josefa,4.2075,Wolf,750.0,53.34979999999997,6.2603,Europe/Dublin,Education,,,,8.3
2017-03-07 22:00:00,Wolf_education_Josefa,4.0625,Wolf,750.0,53.34979999999997,6.2603,Europe/Dublin,Education,,,,11.5
2017-03-07 23:00:00,Wolf_education_Josefa,4.4575,Wolf,750.0,53.34979999999997,6.2603,Europe/Dublin,Education,,,,11.1
2017-03-08 00:00:00,Wolf_education_Josefa,4.32,Wolf,750.0,53.34979999999997,6.2603,Europe/Dublin,Education,,,,11.0
2017-03-08 01:00:00,Wolf_education_Josefa,4.5275,Wolf,750.0,53.34979999999997,6.2603,Europe/Dublin,Education,,,,9.2
2017-03-08 02:00:00,Wolf_education_Josefa,4.3675,Wolf,750.0,53.34979999999997,6.2603,Europe/Dublin,Education,,,,8.1
2017-03-08 03:00:00,Wolf_education_Josefa,4.4675,Wolf,750.0,53.34979999999997,6.2603,Europe/Dublin,Education,,,,7.3
2017-03-08 04:00:00,Wolf_education_Josefa,4.6275,Wolf,750.0,53.34979999999997,6.2603,Europe/Dublin,Education,,,,7.2
2017-03-08 05:00:00,Wolf_education_Josefa,2.8575,Wolf,750.0,53.34979999999997,6.2603,Europe/Dublin,Education,,,,7.4
2017-03-08 06:00:00,Wolf_education_Josefa,6.91,Wolf,750.0,53.34979999999997,6.2603,Europe/Dublin,Education,,,,7.4
2017-03-08 07:00:00,Wolf_education_Josefa,12.42,Wolf,750.0,53.34979999999997,6.2603,Europe/Dublin,Education,,,,7.8
2017-03-08 08:00:00,Wolf_education_Josefa,12.835,Wolf,750.0,53.34979999999997,6.2603,Europe/Dublin,Education,,,,8.0
2017-03-08 09:00:00,Wolf_education_Josefa,14.075,Wolf,750.0,53.34979999999997,6.2603,Europe/Dublin,Education,,,,8.4
2017-03-08 10:00:00,Wolf_education_Josefa,12.075,Wolf,750.0,53.34979999999997,6.2603,Europe/Dublin,Education,,,,9.1
2017-03-08 11:00:00,Wolf_education_Josefa,9.5725,Wolf,750.0,53.34979999999997,6.2603,Europe/Dublin,Education,,,,10.7
2017-03-08 12:00:00,Wolf_education_Josefa,10.0125,Wolf,750.0,53.34979999999997,6.2603,Europe/Dublin,Education,,,,11.4
2017-03-08 13:00:00,Wolf_education_Josefa,8.78,Wolf,750.0,53.34979999999997,6.2603,Europe/Dublin,Education,,,,12.3
2017-03-08 14:00:00,Wolf_education_Josefa,10.6575,Wolf,750.0,53.34979999999997,6.2603,Europe/Dublin,Education,,,,12.7
2017-03-08 15:00:00,Wolf_education_Josefa,10.0575,Wolf,750.0,53.34979999999997,6.2603,Europe/Dublin,Education,,,,13.1
2017-03-08 16:00:00,Wolf_education_Josefa,8.6175,Wolf,750.0,53.34979999999997,6.2603,Europe/Dublin,Education,,,,12.4
2017-03-08 17:00:00,Wolf_education_Josefa,4.9075,Wolf,750.0,53.34979999999997,6.2603,Europe/Dublin,Education,,,,12.3
2017-03-08 18:00:00,Wolf_education_Josefa,4.5075,Wolf,750.0,53.34979999999997,6.2603,Europe/Dublin,Education,,,,10.7
2017-03-08 19:00:00,Wolf_education_Josefa,8.4675,Wolf,750.0,53.34979999999997,6.2603,Europe/Dublin,Education,,,,10.0
2017-03-08 20:00:00,Wolf_education_Josefa,8.485,Wolf,750.0,53.34979999999997,6.2603,Europe/Dublin,Education,,,,9.6
2017-03-08 21:00:00,Wolf_education_Josefa,4.7325,Wolf,750.0,53.34979999999997,6.2603,Europe/Dublin,Education,,,,8.7
2017-03-08 22:00:00,Wolf_education_Josefa,4.525,Wolf,750.0,53.34979999999997,6.2603,Europe/Dublin,Education,,,,7.4
2017-03-08 23:00:00,Wolf_education_Josefa,4.46,Wolf,750.0,53.34979999999997,6.2603,Europe/Dublin,Education,,,,7.5
2017-03-09 00:00:00,Wolf_education_Josefa,4.375,Wolf,750.0,53.34979999999997,6.2603,Europe/Dublin,Education,,,,9.1
2017-03-09 01:00:00,Wolf_education_Josefa,4.2225,Wolf,750.0,53.34979999999997,6.2603,Europe/Dublin,Education,,,,9.2
2017-03-09 02:00:00,Wolf_education_Josefa,4.355,Wolf,750.0,53.34979999999997,6.2603,Europe/Dublin,Education,,,,9.4
2017-03-09 03:00:00,Wolf_education_Josefa,4.2425,Wolf,750.0,53.34979999999997,6.2603,Europe/Dublin,Education,,,,9.1
2017-03-09 04:00:00,Wolf_education_Josefa,4.0775,Wolf,750.0,53.34979999999997,6.2603,Europe/Dublin,Education,,,,8.5
2017-03-09 05:00:00,Wolf_education_Josefa,4.6125,Wolf,750.0,53.34979999999997,6.2603,Europe/Dublin,Education,,,,7.5
2017-03-09 06:00:00,Wolf_education_Josefa,2.3825,Wolf,750.0,53.34979999999997,6.2603,Europe/Dublin,Education,,,,6.7
2017-03-09 07:00:00,Wolf_education_Josefa,2.6,Wolf,750.0,53.34979999999997,6.2603,Europe/Dublin,Education,,,,6.6
2017-03-09 08:00:00,Wolf_education_Josefa,2.6425,Wolf,750.0,53.34979999999997,6.2603,Europe/Dublin,Education,,,,6.4
2017-03-09 09:00:00,Wolf_education_Josefa,2.37,Wolf,750.0,53.34979999999997,6.2603,Europe/Dublin,Education,,,,7.7
2017-03-09 10:00:00,Wolf_education_Josefa,2.5975,Wolf,750.0,53.34979999999997,6.2603,Europe/Dublin,Education,,,,8.3
2017-03-09 11:00:00,Wolf_education_Josefa,2.62,Wolf,750.0,53.34979999999997,6.2603,Europe/Dublin,Education,,,,9.4
2017-03-09 12:00:00,Wolf_education_Josefa,2.55,Wolf,750.0,53.34979999999997,6.2603,Europe/Dublin,Education,,,,9.8
2017-03-09 13:00:00,Wolf_education_Josefa,2.7225,Wolf,750.0,53.34979999999997,6.2603,Europe/Dublin,Education,,,,10.9
2017-03-09 14:00:00,Wolf_education_Josefa,2.5575,Wolf,750.0,53.34979999999997,6.2603,Europe/Dublin,Education,,,,11.1
2017-03-09 15:00:00,Wolf_education_Josefa,2.79,Wolf,750.0,53.34979999999997,6.2603,Europe/Dublin,Education,,,,11.8
2017-03-09 16:00:00,Wolf_education_Josefa,2.715,Wolf,750.0,53.34979999999997,6.2603,Europe/Dublin,Education,,,,10.3
2017-03-09 17:00:00,Wolf_education_Josefa,2.51,Wolf,750.0,53.34979999999997,6.2603,Europe/Dublin,Education,,,,9.1
2017-03-09 18:00:00,Wolf_education_Josefa,4.935,Wolf,750.0,53.34979999999997,6.2603,Europe/Dublin,Education,,,,9.0
2017-03-09 19:00:00,Wolf_education_Josefa,11.2575,Wolf,750.0,53.34979999999997,6.2603,Europe/Dublin,Education,,,,8.7
2017-03-09 20:00:00,Wolf_education_Josefa,8.285,Wolf,750.0,53.34979999999997,6.2603,Europe/Dublin,Education,,,,8.6
2017-03-09 21:00:00,Wolf_education_Josefa,4.3125,Wolf,750.0,53.34979999999997,6.2603,Europe/Dublin,Education,,,,8.5
2017-03-09 22:00:00,Wolf_education_Josefa,4.2525,Wolf,750.0,53.34979999999997,6.2603,Europe/Dublin,Education,,,,8.2
2017-03-09 23:00:00,Wolf_education_Josefa,4.375,Wolf,750.0,53.34979999999997,6.2603,Europe/Dublin,Education,,,,8.4
2017-03-10 00:00:00,Wolf_education_Josefa,3.995,Wolf,750.0,53.34979999999997,6.2603,Europe/Dublin,Education,,,,7.9
2017-03-10 01:00:00,Wolf_education_Josefa,4.285,Wolf,750.0,53.34979999999997,6.2603,Europe/Dublin,Education,,,,8.3
2017-03-10 02:00:00,Wolf_education_Josefa,3.955,Wolf,750.0,53.34979999999997,6.2603,Europe/Dublin,Education,,,,8.3
2017-03-10 03:00:00,Wolf_education_Josefa,4.0275,Wolf,750.0,53.34979999999997,6.2603,Europe/Dublin,Education,,,,8.2
2017-03-10 04:00:00,Wolf_education_Josefa,4.16,Wolf,750.0,53.34979999999997,6.2603,Europe/Dublin,Education,,,,8.0
2017-03-10 05:00:00,Wolf_education_Josefa,4.7675,Wolf,750.0,53.34979999999997,6.2603,Europe/Dublin,Education,,,,8.0
2017-03-10 06:00:00,Wolf_education_Josefa,8.2275,Wolf,750.0,53.34979999999997,6.2603,Europe/Dublin,Education,,,,8.9
2017-03-10 07:00:00,Wolf_education_Josefa,15.1375,Wolf,750.0,53.34979999999997,6.2603,Europe/Dublin,Education,,,,9.3
2017-03-10 08:00:00,Wolf_education_Josefa,15.4975,Wolf,750.0,53.34979999999997,6.2603,Europe/Dublin,Education,,,,10.3
2017-03-10 09:00:00,Wolf_education_Josefa,16.7925,Wolf,750.0,53.34979999999997,6.2603,Europe/Dublin,Education,,,,11.1
2017-03-10 10:00:00,Wolf_education_Josefa,12.06,Wolf,750.0,53.34979999999997,6.2603,Europe/Dublin,Education,,,,11.7
2017-03-10 11:00:00,Wolf_education_Josefa,11.815,Wolf,750.0,53.34979999999997,6.2603,Europe/Dublin,Education,,,,12.4
2017-03-10 12:00:00,Wolf_education_Josefa,14.5725,Wolf,750.0,53.34979999999997,6.2603,Europe/Dublin,Education,,,,12.0
2017-03-10 13:00:00,Wolf_education_Josefa,12.67,Wolf,750.0,53.34979999999997,6.2603,Europe/Dublin,Education,,,,11.5
2017-03-10 14:00:00,Wolf_education_Josefa,14.1875,Wolf,750.0,53.34979999999997,6.2603,Europe/Dublin,Education,,,,11.5
2017-03-10 15:00:00,Wolf_education_Josefa,14.7525,Wolf,750.0,53.34979999999997,6.2603,Europe/Dublin,Education,,,,11.9
2017-03-10 16:00:00,Wolf_education_Josefa,14.0125,Wolf,750.0,53.34979999999997,6.2603,Europe/Dublin,Education,,,,11.9
2017-03-10 17:00:00,Wolf_education_Josefa,11.6025,Wolf,750.0,53.34979999999997,6.2603,Europe/Dublin,Education,,,,11.6
2017-03-10 18:00:00,Wolf_education_Josefa,8.305,Wolf,750.0,53.34979999999997,6.2603,Europe/Dublin,Education,,,,10.5
2017-03-10 19:00:00,Wolf_education_Josefa,4.4625,Wolf,750.0,53.34979999999997,6.2603,Europe/Dublin,Education,,,,10.2
2017-03-10 20:00:00,Wolf_education_Josefa,4.1925,Wolf,750.0,53.34979999999997,6.2603,Europe/Dublin,Education,,,,10.0
2017-03-10 21:00:00,Wolf_education_Josefa,4.1325,Wolf,750.0,53.34979999999997,6.2603,Europe/Dublin,Education,,,,10.2
2017-03-10 22:00:00,Wolf_education_Josefa,4.2075,Wolf,750.0,53.34979999999997,6.2603,Europe/Dublin,Education,,,,9.1
2017-03-10 23:00:00,Wolf_education_Josefa,3.905,Wolf,750.0,53.34979999999997,6.2603,Europe/Dublin,Education,,,,8.4
2017-03-11 00:00:00,Wolf_education_Josefa,4.4125,Wolf,750.0,53.34979999999997,6.2603,Europe/Dublin,Education,,,,10.1
2017-03-11 01:00:00,Wolf_education_Josefa,4.215,Wolf,750.0,53.34979999999997,6.2603,Europe/Dublin,Education,,,,10.2
2017-03-11 02:00:00,Wolf_education_Josefa,4.485,Wolf,750.0,53.34979999999997,6.2603,Europe/Dublin,Education,,,,10.1
2017-03-11 03:00:00,Wolf_education_Josefa,3.8625,Wolf,750.0,53.34979999999997,6.2603,Europe/Dublin,Education,,,,9.7
2017-03-11 04:00:00,Wolf_education_Josefa,3.9,Wolf,750.0,53.34979999999997,6.2603,Europe/Dublin,Education,,,,9.1
2017-03-11 05:00:00,Wolf_education_Josefa,4.365,Wolf,750.0,53.34979999999997,6.2603,Europe/Dublin,Education,,,,9.4
2017-03-11 06:00:00,Wolf_education_Josefa,4.295,Wolf,750.0,53.34979999999997,6.2603,Europe/Dublin,Education,,,,9.6
2017-03-11 07:00:00,Wolf_education_Josefa,11.7475,Wolf,750.0,53.34979999999997,6.2603,Europe/Dublin,Education,,,,8.9
2017-03-11 08:00:00,Wolf_education_Josefa,14.255,Wolf,750.0,53.34979999999997,6.2603,Europe/Dublin,Education,,,,9.1
2017-03-11 09:00:00,Wolf_education_Josefa,15.0925,Wolf,750.0,53.34979999999997,6.2603,Europe/Dublin,Education,,,,9.5
2017-03-11 10:00:00,Wolf_education_Josefa,19.2275,Wolf,750.0,53.34979999999997,6.2603,Europe/Dublin,Education,,,,9.8
2017-03-11 11:00:00,Wolf_education_Josefa,15.38,Wolf,750.0,53.34979999999997,6.2603,Europe/Dublin,Education,,,,10.6
2017-03-11 12:00:00,Wolf_education_Josefa,13.395,Wolf,750.0,53.34979999999997,6.2603,Europe/Dublin,Education,,,,11.5
2017-03-11 13:00:00,Wolf_education_Josefa,13.0725,Wolf,750.0,53.34979999999997,6.2603,Europe/Dublin,Education,,,,11.4
2017-03-11 14:00:00,Wolf_education_Josefa,12.5075,Wolf,750.0,53.34979999999997,6.2603,Europe/Dublin,Education,,,,11.3
2017-03-11 15:00:00,Wolf_education_Josefa,15.2975,Wolf,750.0,53.34979999999997,6.2603,Europe/Dublin,Education,,,,11.4
2017-03-11 16:00:00,Wolf_education_Josefa,14.49,Wolf,750.0,53.34979999999997,6.2603,Europe/Dublin,Education,,,,11.6
2017-03-11 17:00:00,Wolf_education_Josefa,14.3225,Wolf,750.0,53.34979999999997,6.2603,Europe/Dublin,Education,,,,10.4
2017-03-11 18:00:00,Wolf_education_Josefa,7.995,Wolf,750.0,53.34979999999997,6.2603,Europe/Dublin,Education,,,,10.1
2017-03-11 19:00:00,Wolf_education_Josefa,4.31,Wolf,750.0,53.34979999999997,6.2603,Europe/Dublin,Education,,,,9.5
2017-03-11 20:00:00,Wolf_education_Josefa,4.41,Wolf,750.0,53.34979999999997,6.2603,Europe/Dublin,Education,,,,9.1
2017-03-11 21:00:00,Wolf_education_Josefa,4.2,Wolf,750.0,53.34979999999997,6.2603,Europe/Dublin,Education,,,,8.8
2017-03-11 22:00:00,Wolf_education_Josefa,3.9475,Wolf,750.0,53.34979999999997,6.2603,Europe/Dublin,Education,,,,7.1
2017-03-11 23:00:00,Wolf_education_Josefa,4.365,Wolf,750.0,53.34979999999997,6.2603,Europe/Dublin,Education,,,,3.3
2017-03-12 00:00:00,Wolf_education_Josefa,4.51,Wolf,750.0,53.34979999999997,6.2603,Europe/Dublin,Education,,,,3.6
2017-03-12 01:00:00,Wolf_education_Josefa,4.65,Wolf,750.0,53.34979999999997,6.2603,Europe/Dublin,Education,,,,4.7
2017-03-12 02:00:00,Wolf_education_Josefa,5.23,Wolf,750.0,53.34979999999997,6.2603,Europe/Dublin,Education,,,,8.2
2017-03-12 03:00:00,Wolf_education_Josefa,4.86,Wolf,750.0,53.34979999999997,6.2603,Europe/Dublin,Education,,,,8.2
2017-03-12 04:00:00,Wolf_education_Josefa,5.07,Wolf,750.0,53.34979999999997,6.2603,Europe/Dublin,Education,,,,7.7
2017-03-12 05:00:00,Wolf_education_Josefa,4.9775,Wolf,750.0,53.34979999999997,6.2603,Europe/Dublin,Education,,,,7.6
2017-03-12 06:00:00,Wolf_education_Josefa,5.4325,Wolf,750.0,53.34979999999997,6.2603,Europe/Dublin,Education,,,,8.0
2017-03-12 07:00:00,Wolf_education_Josefa,5.14,Wolf,750.0,53.34979999999997,6.2603,Europe/Dublin,Education,,,,8.1
2017-03-12 08:00:00,Wolf_education_Josefa,4.95,Wolf,750.0,53.34979999999997,6.2603,Europe/Dublin,Education,,,,8.1
2017-03-12 09:00:00,Wolf_education_Josefa,3.535,Wolf,750.0,53.34979999999997,6.2603,Europe/Dublin,Education,,,,8.1
2017-03-12 10:00:00,Wolf_education_Josefa,3.82,Wolf,750.0,53.34979999999997,6.2603,Europe/Dublin,Education,,,,8.6
2017-03-12 11:00:00,Wolf_education_Josefa,4.805,Wolf,750.0,53.34979999999997,6.2603,Europe/Dublin,Education,,,,10.1
2017-03-12 12:00:00,Wolf_education_Josefa,4.8675,Wolf,750.0,53.34979999999997,6.2603,Europe/Dublin,Education,,,,10.9
2017-03-12 13:00:00,Wolf_education_Josefa,4.9025,Wolf,750.0,53.34979999999997,6.2603,Europe/Dublin,Education,,,,10.0
2017-03-12 14:00:00,Wolf_education_Josefa,4.505,Wolf,750.0,53.34979999999997,6.2603,Europe/Dublin,Education,,,,10.8
2017-03-12 15:00:00,Wolf_education_Josefa,4.225,Wolf,750.0,53.34979999999997,6.2603,Europe/Dublin,Education,,,,10.6
2017-03-12 16:00:00,Wolf_education_Josefa,4.8325,Wolf,750.0,53.34979999999997,6.2603,Europe/Dublin,Education,,,,9.2
2017-03-12 17:00:00,Wolf_education_Josefa,7.1525,Wolf,750.0,53.34979999999997,6.2603,Europe/Dublin,Education,,,,9.7
2017-03-12 18:00:00,Wolf_education_Josefa,5.625,Wolf,750.0,53.34979999999997,6.2603,Europe/Dublin,Education,,,,8.0
2017-03-12 19:00:00,Wolf_education_Josefa,5.545,Wolf,750.0,53.34979999999997,6.2603,Europe/Dublin,Education,,,,5.6
2017-03-12 20:00:00,Wolf_education_Josefa,5.1075,Wolf,750.0,53.34979999999997,6.2603,Europe/Dublin,Education,,,,5.3
2017-03-12 21:00:00,Wolf_education_Josefa,5.2025,Wolf,750.0,53.34979999999997,6.2603,Europe/Dublin,Education,,,,5.8
2017-03-12 22:00:00,Wolf_education_Josefa,4.9825,Wolf,750.0,53.34979999999997,6.2603,Europe/Dublin,Education,,,,5.5
2017-03-12 23:00:00,Wolf_education_Josefa,4.9975,Wolf,750.0,53.34979999999997,6.2603,Europe/Dublin,Education,,,,5.1
2017-03-13 00:00:00,Wolf_education_Josefa,4.4625,Wolf,750.0,53.34979999999997,6.2603,Europe/Dublin,Education,,,,5.0
2017-03-13 01:00:00,Wolf_education_Josefa,4.6525,Wolf,750.0,53.34979999999997,6.2603,Europe/Dublin,Education,,,,5.5
2017-03-13 02:00:00,Wolf_education_Josefa,4.6175,Wolf,750.0,53.34979999999997,6.2603,Europe/Dublin,Education,,,,6.6
2017-03-13 03:00:00,Wolf_education_Josefa,4.3575,Wolf,750.0,53.34979999999997,6.2603,Europe/Dublin,Education,,,,7.2
2017-03-13 04:00:00,Wolf_education_Josefa,4.7725,Wolf,750.0,53.34979999999997,6.2603,Europe/Dublin,Education,,,,7.9
2017-03-13 05:00:00,Wolf_education_Josefa,4.465,Wolf,750.0,53.34979999999997,6.2603,Europe/Dublin,Education,,,,7.9
2017-03-13 06:00:00,Wolf_education_Josefa,5.1475,Wolf,750.0,53.34979999999997,6.2603,Europe/Dublin,Education,,,,8.2
2017-03-13 07:00:00,Wolf_education_Josefa,8.68,Wolf,750.0,53.34979999999997,6.2603,Europe/Dublin,Education,,,,8.2
2017-03-13 08:00:00,Wolf_education_Josefa,15.1825,Wolf,750.0,53.34979999999997,6.2603,Europe/Dublin,Education,,,,8.6
2017-03-13 09:00:00,Wolf_education_Josefa,18.1625,Wolf,750.0,53.34979999999997,6.2603,Europe/Dublin,Education,,,,9.6
2017-03-13 10:00:00,Wolf_education_Josefa,22.455,Wolf,750.0,53.34979999999997,6.2603,Europe/Dublin,Education,,,,10.5
2017-03-13 11:00:00,Wolf_education_Josefa,17.05,Wolf,750.0,53.34979999999997,6.2603,Europe/Dublin,Education,,,,12.0
2017-03-13 12:00:00,Wolf_education_Josefa,15.64,Wolf,750.0,53.34979999999997,6.2603,Europe/Dublin,Education,,,,12.0
2017-03-13 13:00:00,Wolf_education_Josefa,15.5725,Wolf,750.0,53.34979999999997,6.2603,Europe/Dublin,Education,,,,13.4
2017-03-13 14:00:00,Wolf_education_Josefa,15.5575,Wolf,750.0,53.34979999999997,6.2603,Europe/Dublin,Education,,,,13.9
2017-03-13 15:00:00,Wolf_education_Josefa,14.0975,Wolf,750.0,53.34979999999997,6.2603,Europe/Dublin,Education,,,,14.0
2017-03-13 16:00:00,Wolf_education_Josefa,13.4225,Wolf,750.0,53.34979999999997,6.2603,Europe/Dublin,Education,,,,14.2
2017-03-13 17:00:00,Wolf_education_Josefa,12.37,Wolf,750.0,53.34979999999997,6.2603,Europe/Dublin,Education,,,,13.5
2017-03-13 18:00:00,Wolf_education_Josefa,8.855,Wolf,750.0,53.34979999999997,6.2603,Europe/Dublin,Education,,,,13.2
2017-03-13 19:00:00,Wolf_education_Josefa,9.485,Wolf,750.0,53.34979999999997,6.2603,Europe/Dublin,Education,,,,12.5
2017-03-13 20:00:00,Wolf_education_Josefa,10.9,Wolf,750.0,53.34979999999997,6.2603,Europe/Dublin,Education,,,,11.8
2017-03-13 21:00:00,Wolf_education_Josefa,11.095,Wolf,750.0,53.34979999999997,6.2603,Europe/Dublin,Education,,,,12.0
2017-03-13 22:00:00,Wolf_education_Josefa,4.3325,Wolf,750.0,53.34979999999997,6.2603,Europe/Dublin,Education,,,,11.8
2017-03-13 23:00:00,Wolf_education_Josefa,4.045,Wolf,750.0,53.34979999999997,6.2603,Europe/Dublin,Education,,,,11.6
2017-03-14 00:00:00,Wolf_education_Josefa,4.025,Wolf,750.0,53.34979999999997,6.2603,Europe/Dublin,Education,,,,11.7
2017-03-14 01:00:00,Wolf_education_Josefa,4.355,Wolf,750.0,53.34979999999997,6.2603,Europe/Dublin,Education,,,,11.2
2017-03-14 02:00:00,Wolf_education_Josefa,4.0575,Wolf,750.0,53.34979999999997,6.2603,Europe/Dublin,Education,,,,11.4
2017-03-14 03:00:00,Wolf_education_Josefa,3.975,Wolf,750.0,53.34979999999997,6.2603,Europe/Dublin,Education,,,,11.7
2017-03-14 04:00:00,Wolf_education_Josefa,4.3475,Wolf,750.0,53.34979999999997,6.2603,Europe/Dublin,Education,,,,11.8
2017-03-14 05:00:00,Wolf_education_Josefa,4.0725,Wolf,750.0,53.34979999999997,6.2603,Europe/Dublin,Education,,,,11.4
2017-03-14 06:00:00,Wolf_education_Josefa,4.465,Wolf,750.0,53.34979999999997,6.2603,Europe/Dublin,Education,,,,10.5
2017-03-14 07:00:00,Wolf_education_Josefa,12.0425,Wolf,750.0,53.34979999999997,6.2603,Europe/Dublin,Education,,,,10.8
2017-03-14 08:00:00,Wolf_education_Josefa,17.355,Wolf,750.0,53.34979999999997,6.2603,Europe/Dublin,Education,,,,10.7
2017-03-14 09:00:00,Wolf_education_Josefa,17.8975,Wolf,750.0,53.34979999999997,6.2603,Europe/Dublin,Education,,,,10.9
2017-03-14 10:00:00,Wolf_education_Josefa,23.0675,Wolf,750.0,53.34979999999997,6.2603,Europe/Dublin,Education,,,,11.8
2017-03-14 11:00:00,Wolf_education_Josefa,17.35,Wolf,750.0,53.34979999999997,6.2603,Europe/Dublin,Education,,,,12.6
2017-03-14 12:00:00,Wolf_education_Josefa,15.405,Wolf,750.0,53.34979999999997,6.2603,Europe/Dublin,Education,,,,13.6
2017-03-14 13:00:00,Wolf_education_Josefa,14.8575,Wolf,750.0,53.34979999999997,6.2603,Europe/Dublin,Education,,,,13.2
2017-03-14 14:00:00,Wolf_education_Josefa,14.9825,Wolf,750.0,53.34979999999997,6.2603,Europe/Dublin,Education,,,,13.6
2017-03-14 15:00:00,Wolf_education_Josefa,16.245,Wolf,750.0,53.34979999999997,6.2603,Europe/Dublin,Education,,,,13.0
2017-03-14 16:00:00,Wolf_education_Josefa,14.48,Wolf,750.0,53.34979999999997,6.2603,Europe/Dublin,Education,,,,13.4
2017-03-14 17:00:00,Wolf_education_Josefa,12.3875,Wolf,750.0,53.34979999999997,6.2603,Europe/Dublin,Education,,,,11.7
2017-03-14 18:00:00,Wolf_education_Josefa,6.035,Wolf,750.0,53.34979999999997,6.2603,Europe/Dublin,Education,,,,11.6
2017-03-14 19:00:00,Wolf_education_Josefa,9.2475,Wolf,750.0,53.34979999999997,6.2603,Europe/Dublin,Education,,,,11.2
2017-03-14 20:00:00,Wolf_education_Josefa,9.885,Wolf,750.0,53.34979999999997,6.2603,Europe/Dublin,Education,,,,10.3
2017-03-14 21:00:00,Wolf_education_Josefa,11.34,Wolf,750.0,53.34979999999997,6.2603,Europe/Dublin,Education,,,,9.1
2017-03-14 22:00:00,Wolf_education_Josefa,8.2375,Wolf,750.0,53.34979999999997,6.2603,Europe/Dublin,Education,,,,8.4
2017-03-14 23:00:00,Wolf_education_Josefa,4.2,Wolf,750.0,53.34979999999997,6.2603,Europe/Dublin,Education,,,,8.7
2017-03-15 00:00:00,Wolf_education_Josefa,4.0625,Wolf,750.0,53.34979999999997,6.2603,Europe/Dublin,Education,,,,8.2
2017-03-15 01:00:00,Wolf_education_Josefa,4.105,Wolf,750.0,53.34979999999997,6.2603,Europe/Dublin,Education,,,,8.2
2017-03-15 02:00:00,Wolf_education_Josefa,4.1675,Wolf,750.0,53.34979999999997,6.2603,Europe/Dublin,Education,,,,8.4
2017-03-15 03:00:00,Wolf_education_Josefa,3.9425,Wolf,750.0,53.34979999999997,6.2603,Europe/Dublin,Education,,,,8.2
2017-03-15 04:00:00,Wolf_education_Josefa,4.2175,Wolf,750.0,53.34979999999997,6.2603,Europe/Dublin,Education,,,,7.5
2017-03-15 05:00:00,Wolf_education_Josefa,4.1425,Wolf,750.0,53.34979999999997,6.2603,Europe/Dublin,Education,,,,6.2
2017-03-15 06:00:00,Wolf_education_Josefa,3.995,Wolf,750.0,53.34979999999997,6.2603,Europe/Dublin,Education,,,,5.5
2017-03-15 07:00:00,Wolf_education_Josefa,8.735,Wolf,750.0,53.34979999999997,6.2603,Europe/Dublin,Education,,,,5.4
2017-03-15 08:00:00,Wolf_education_Josefa,16.35,Wolf,750.0,53.34979999999997,6.2603,Europe/Dublin,Education,,,,7.3
2017-03-15 09:00:00,Wolf_education_Josefa,18.53,Wolf,750.0,53.34979999999997,6.2603,Europe/Dublin,Education,,,,10.4
2017-03-15 10:00:00,Wolf_education_Josefa,18.21,Wolf,750.0,53.34979999999997,6.2603,Europe/Dublin,Education,,,,11.8
2017-03-15 11:00:00,Wolf_education_Josefa,15.065,Wolf,750.0,53.34979999999997,6.2603,Europe/Dublin,Education,,,,13.8
2017-03-15 12:00:00,Wolf_education_Josefa,13.96,Wolf,750.0,53.34979999999997,6.2603,Europe/Dublin,Education,,,,14.0
2017-03-15 13:00:00,Wolf_education_Josefa,13.9975,Wolf,750.0,53.34979999999997,6.2603,Europe/Dublin,Education,,,,14.7
2017-03-15 14:00:00,Wolf_education_Josefa,12.06,Wolf,750.0,53.34979999999997,6.2603,Europe/Dublin,Education,,,,15.4
2017-03-15 15:00:00,Wolf_education_Josefa,12.9225,Wolf,750.0,53.34979999999997,6.2603,Europe/Dublin,Education,,,,15.7
2017-03-15 16:00:00,Wolf_education_Josefa,15.6075,Wolf,750.0,53.34979999999997,6.2603,Europe/Dublin,Education,,,,15.9
2017-03-15 17:00:00,Wolf_education_Josefa,12.6275,Wolf,750.0,53.34979999999997,6.2603,Europe/Dublin,Education,,,,14.4
2017-03-15 18:00:00,Wolf_education_Josefa,6.7725,Wolf,750.0,53.34979999999997,6.2603,Europe/Dublin,Education,,,,13.3
2017-03-15 19:00:00,Wolf_education_Josefa,5.5525,Wolf,750.0,53.34979999999997,6.2603,Europe/Dublin,Education,,,,12.4
2017-03-15 20:00:00,Wolf_education_Josefa,6.13,Wolf,750.0,53.34979999999997,6.2603,Europe/Dublin,Education,,,,12.2
2017-03-15 21:00:00,Wolf_education_Josefa,10.6525,Wolf,750.0,53.34979999999997,6.2603,Europe/Dublin,Education,,,,12.0
2017-03-15 22:00:00,Wolf_education_Josefa,8.375,Wolf,750.0,53.34979999999997,6.2603,Europe/Dublin,Education,,,,11.0
2017-03-15 23:00:00,Wolf_education_Josefa,4.0875,Wolf,750.0,53.34979999999997,6.2603,Europe/Dublin,Education,,,,10.7
2017-03-16 00:00:00,Wolf_education_Josefa,3.96,Wolf,750.0,53.34979999999997,6.2603,Europe/Dublin,Education,,,,10.2
2017-03-16 01:00:00,Wolf_education_Josefa,4.2875,Wolf,750.0,53.34979999999997,6.2603,Europe/Dublin,Education,,,,10.1
2017-03-16 02:00:00,Wolf_education_Josefa,4.1825,Wolf,750.0,53.34979999999997,6.2603,Europe/Dublin,Education,,,,10.1
2017-03-16 03:00:00,Wolf_education_Josefa,4.1875,Wolf,750.0,53.34979999999997,6.2603,Europe/Dublin,Education,,,,10.1
2017-03-16 04:00:00,Wolf_education_Josefa,4.2075,Wolf,750.0,53.34979999999997,6.2603,Europe/Dublin,Education,,,,9.8
2017-03-16 05:00:00,Wolf_education_Josefa,4.1025,Wolf,750.0,53.34979999999997,6.2603,Europe/Dublin,Education,,,,9.6
2017-03-16 06:00:00,Wolf_education_Josefa,3.49,Wolf,750.0,53.34979999999997,6.2603,Europe/Dublin,Education,,,,8.4
2017-03-16 07:00:00,Wolf_education_Josefa,8.1975,Wolf,750.0,53.34979999999997,6.2603,Europe/Dublin,Education,,,,9.0
2017-03-16 08:00:00,Wolf_education_Josefa,16.735,Wolf,750.0,53.34979999999997,6.2603,Europe/Dublin,Education,,,,9.1
2017-03-16 09:00:00,Wolf_education_Josefa,17.685,Wolf,750.0,53.34979999999997,6.2603,Europe/Dublin,Education,,,,10.8
2017-03-16 10:00:00,Wolf_education_Josefa,19.35,Wolf,750.0,53.34979999999997,6.2603,Europe/Dublin,Education,,,,10.4
2017-03-16 11:00:00,Wolf_education_Josefa,18.12,Wolf,750.0,53.34979999999997,6.2603,Europe/Dublin,Education,,,,10.1
2017-03-16 12:00:00,Wolf_education_Josefa,17.1525,Wolf,750.0,53.34979999999997,6.2603,Europe/Dublin,Education,,,,11.2
2017-03-16 13:00:00,Wolf_education_Josefa,15.19,Wolf,750.0,53.34979999999997,6.2603,Europe/Dublin,Education,,,,10.9
2017-03-16 14:00:00,Wolf_education_Josefa,13.9775,Wolf,750.0,53.34979999999997,6.2603,Europe/Dublin,Education,,,,8.8
2017-03-16 15:00:00,Wolf_education_Josefa,16.935,Wolf,750.0,53.34979999999997,6.2603,Europe/Dublin,Education,,,,9.6
2017-03-16 16:00:00,Wolf_education_Josefa,14.06,Wolf,750.0,53.34979999999997,6.2603,Europe/Dublin,Education,,,,8.8
2017-03-16 17:00:00,Wolf_education_Josefa,13.25,Wolf,750.0,53.34979999999997,6.2603,Europe/Dublin,Education,,,,8.2
2017-03-16 18:00:00,Wolf_education_Josefa,4.895,Wolf,750.0,53.34979999999997,6.2603,Europe/Dublin,Education,,,,6.7
2017-03-16 19:00:00,Wolf_education_Josefa,4.5425,Wolf,750.0,53.34979999999997,6.2603,Europe/Dublin,Education,,,,5.3
2017-03-16 20:00:00,Wolf_education_Josefa,4.575,Wolf,750.0,53.34979999999997,6.2603,Europe/Dublin,Education,,,,4.4
2017-03-16 21:00:00,Wolf_education_Josefa,4.1275,Wolf,750.0,53.34979999999997,6.2603,Europe/Dublin,Education,,,,4.2
2017-03-16 22:00:00,Wolf_education_Josefa,4.2325,Wolf,750.0,53.34979999999997,6.2603,Europe/Dublin,Education,,,,4.1
2017-03-16 23:00:00,Wolf_education_Josefa,4.405,Wolf,750.0,53.34979999999997,6.2603,Europe/Dublin,Education,,,,3.6
2017-03-17 00:00:00,Wolf_education_Josefa,4.37,Wolf,750.0,53.34979999999997,6.2603,Europe/Dublin,Education,,,,3.7
2017-03-17 01:00:00,Wolf_education_Josefa,4.2175,Wolf,750.0,53.34979999999997,6.2603,Europe/Dublin,Education,,,,3.6
2017-03-17 02:00:00,Wolf_education_Josefa,4.7075,Wolf,750.0,53.34979999999997,6.2603,Europe/Dublin,Education,,,,4.0
2017-03-17 03:00:00,Wolf_education_Josefa,5.1825,Wolf,750.0,53.34979999999997,6.2603,Europe/Dublin,Education,,,,4.0
2017-03-17 04:00:00,Wolf_education_Josefa,4.6575,Wolf,750.0,53.34979999999997,6.2603,Europe/Dublin,Education,,,,4.4
2017-03-17 05:00:00,Wolf_education_Josefa,4.93,Wolf,750.0,53.34979999999997,6.2603,Europe/Dublin,Education,,,,4.8
2017-03-17 06:00:00,Wolf_education_Josefa,4.455,Wolf,750.0,53.34979999999997,6.2603,Europe/Dublin,Education,,,,5.3
2017-03-17 07:00:00,Wolf_education_Josefa,4.2925,Wolf,750.0,53.34979999999997,6.2603,Europe/Dublin,Education,,,,5.4
2017-03-17 08:00:00,Wolf_education_Josefa,5.5225,Wolf,750.0,53.34979999999997,6.2603,Europe/Dublin,Education,,,,5.9
2017-03-17 09:00:00,Wolf_education_Josefa,5.4425,Wolf,750.0,53.34979999999997,6.2603,Europe/Dublin,Education,,,,6.0
2017-03-17 10:00:00,Wolf_education_Josefa,5.875,Wolf,750.0,53.34979999999997,6.2603,Europe/Dublin,Education,,,,6.4
2017-03-17 11:00:00,Wolf_education_Josefa,6.315,Wolf,750.0,53.34979999999997,6.2603,Europe/Dublin,Education,,,,7.1
2017-03-17 12:00:00,Wolf_education_Josefa,6.2675,Wolf,750.0,53.34979999999997,6.2603,Europe/Dublin,Education,,,,7.9
2017-03-17 13:00:00,Wolf_education_Josefa,6.375,Wolf,750.0,53.34979999999997,6.2603,Europe/Dublin,Education,,,,8.7
2017-03-17 14:00:00,Wolf_education_Josefa,6.56,Wolf,750.0,53.34979999999997,6.2603,Europe/Dublin,Education,,,,8.6
2017-03-17 15:00:00,Wolf_education_Josefa,6.32,Wolf,750.0,53.34979999999997,6.2603,Europe/Dublin,Education,,,,9.2
2017-03-17 16:00:00,Wolf_education_Josefa,6.2475,Wolf,750.0,53.34979999999997,6.2603,Europe/Dublin,Education,,,,10.0
2017-03-17 17:00:00,Wolf_education_Josefa,5.3025,Wolf,750.0,53.34979999999997,6.2603,Europe/Dublin,Education,,,,10.3
2017-03-17 18:00:00,Wolf_education_Josefa,3.85,Wolf,750.0,53.34979999999997,6.2603,Europe/Dublin,Education,,,,10.7
2017-03-17 19:00:00,Wolf_education_Josefa,4.3,Wolf,750.0,53.34979999999997,6.2603,Europe/Dublin,Education,,,,11.0
2017-03-17 20:00:00,Wolf_education_Josefa,4.4275,Wolf,750.0,53.34979999999997,6.2603,Europe/Dublin,Education,,,,11.2
2017-03-17 21:00:00,Wolf_education_Josefa,4.255,Wolf,750.0,53.34979999999997,6.2603,Europe/Dublin,Education,,,,11.1
2017-03-17 22:00:00,Wolf_education_Josefa,4.31,Wolf,750.0,53.34979999999997,6.2603,Europe/Dublin,Education,,,,11.2
2017-03-17 23:00:00,Wolf_education_Josefa,4.3075,Wolf,750.0,53.34979999999997,6.2603,Europe/Dublin,Education,,,,11.1
2017-03-18 00:00:00,Wolf_education_Josefa,4.26,Wolf,750.0,53.34979999999997,6.2603,Europe/Dublin,Education,,,,11.0
2017-03-18 01:00:00,Wolf_education_Josefa,4.155,Wolf,750.0,53.34979999999997,6.2603,Europe/Dublin,Education,,,,11.1
2017-03-18 02:00:00,Wolf_education_Josefa,4.5225,Wolf,750.0,53.34979999999997,6.2603,Europe/Dublin,Education,,,,11.0
2017-03-18 03:00:00,Wolf_education_Josefa,4.155,Wolf,750.0,53.34979999999997,6.2603,Europe/Dublin,Education,,,,10.7
2017-03-18 04:00:00,Wolf_education_Josefa,4.31,Wolf,750.0,53.34979999999997,6.2603,Europe/Dublin,Education,,,,10.7
2017-03-18 05:00:00,Wolf_education_Josefa,4.1475,Wolf,750.0,53.34979999999997,6.2603,Europe/Dublin,Education,,,,10.8
2017-03-18 06:00:00,Wolf_education_Josefa,3.7075,Wolf,750.0,53.34979999999997,6.2603,Europe/Dublin,Education,,,,10.5
2017-03-18 07:00:00,Wolf_education_Josefa,3.035,Wolf,750.0,53.34979999999997,6.2603,Europe/Dublin,Education,,,,10.3
2017-03-18 08:00:00,Wolf_education_Josefa,3.285,Wolf,750.0,53.34979999999997,6.2603,Europe/Dublin,Education,,,,10.5
2017-03-18 09:00:00,Wolf_education_Josefa,3.105,Wolf,750.0,53.34979999999997,6.2603,Europe/Dublin,Education,,,,10.7
2017-03-18 10:00:00,Wolf_education_Josefa,3.105,Wolf,750.0,53.34979999999997,6.2603,Europe/Dublin,Education,,,,11.4
2017-03-18 11:00:00,Wolf_education_Josefa,4.0875,Wolf,750.0,53.34979999999997,6.2603,Europe/Dublin,Education,,,,11.6
2017-03-18 12:00:00,Wolf_education_Josefa,4.1725,Wolf,750.0,53.34979999999997,6.2603,Europe/Dublin,Education,,,,11.8
2017-03-18 13:00:00,Wolf_education_Josefa,4.2225,Wolf,750.0,53.34979999999997,6.2603,Europe/Dublin,Education,,,,12.2
2017-03-18 14:00:00,Wolf_education_Josefa,5.9575,Wolf,750.0,53.34979999999997,6.2603,Europe/Dublin,Education,,,,12.2
2017-03-18 15:00:00,Wolf_education_Josefa,9.5325,Wolf,750.0,53.34979999999997,6.2603,Europe/Dublin,Education,,,,12.2
2017-03-18 16:00:00,Wolf_education_Josefa,10.2875,Wolf,750.0,53.34979999999997,6.2603,Europe/Dublin,Education,,,,12.0
2017-03-18 17:00:00,Wolf_education_Josefa,5.5625,Wolf,750.0,53.34979999999997,6.2603,Europe/Dublin,Education,,,,11.6
2017-03-18 18:00:00,Wolf_education_Josefa,3.48,Wolf,750.0,53.34979999999997,6.2603,Europe/Dublin,Education,,,,11.5
2017-03-18 19:00:00,Wolf_education_Josefa,3.9575,Wolf,750.0,53.34979999999997,6.2603,Europe/Dublin,Education,,,,11.5
2017-03-18 20:00:00,Wolf_education_Josefa,4.3825,Wolf,750.0,53.34979999999997,6.2603,Europe/Dublin,Education,,,,11.5
2017-03-18 21:00:00,Wolf_education_Josefa,3.9725,Wolf,750.0,53.34979999999997,6.2603,Europe/Dublin,Education,,,,11.4
2017-03-18 22:00:00,Wolf_education_Josefa,3.9275,Wolf,750.0,53.34979999999997,6.2603,Europe/Dublin,Education,,,,11.5
2017-03-18 23:00:00,Wolf_education_Josefa,3.995,Wolf,750.0,53.34979999999997,6.2603,Europe/Dublin,Education,,,,11.3
2017-03-19 00:00:00,Wolf_education_Josefa,4.2825,Wolf,750.0,53.34979999999997,6.2603,Europe/Dublin,Education,,,,11.0
2017-03-19 01:00:00,Wolf_education_Josefa,4.075,Wolf,750.0,53.34979999999997,6.2603,Europe/Dublin,Education,,,,11.2
2017-03-19 02:00:00,Wolf_education_Josefa,4.195,Wolf,750.0,53.34979999999997,6.2603,Europe/Dublin,Education,,,,11.1
2017-03-19 03:00:00,Wolf_education_Josefa,4.21,Wolf,750.0,53.34979999999997,6.2603,Europe/Dublin,Education,,,,11.3
2017-03-19 04:00:00,Wolf_education_Josefa,4.145,Wolf,750.0,53.34979999999997,6.2603,Europe/Dublin,Education,,,,10.7
2017-03-19 05:00:00,Wolf_education_Josefa,4.0075,Wolf,750.0,53.34979999999997,6.2603,Europe/Dublin,Education,,,,10.9
2017-03-19 06:00:00,Wolf_education_Josefa,3.3225,Wolf,750.0,53.34979999999997,6.2603,Europe/Dublin,Education,,,,10.8
2017-03-19 07:00:00,Wolf_education_Josefa,2.6575,Wolf,750.0,53.34979999999997,6.2603,Europe/Dublin,Education,,,,10.9
2017-03-19 08:00:00,Wolf_education_Josefa,2.2825,Wolf,750.0,53.34979999999997,6.2603,Europe/Dublin,Education,,,,10.9
2017-03-19 09:00:00,Wolf_education_Josefa,2.535,Wolf,750.0,53.34979999999997,6.2603,Europe/Dublin,Education,,,,10.8
2017-03-19 10:00:00,Wolf_education_Josefa,2.6875,Wolf,750.0,53.34979999999997,6.2603,Europe/Dublin,Education,,,,11.1
2017-03-19 11:00:00,Wolf_education_Josefa,3.35,Wolf,750.0,53.34979999999997,6.2603,Europe/Dublin,Education,,,,11.5
2017-03-19 12:00:00,Wolf_education_Josefa,3.14,Wolf,750.0,53.34979999999997,6.2603,Europe/Dublin,Education,,,,11.9
2017-03-19 13:00:00,Wolf_education_Josefa,3.3725,Wolf,750.0,53.34979999999997,6.2603,Europe/Dublin,Education,,,,12.4
2017-03-19 14:00:00,Wolf_education_Josefa,3.26,Wolf,750.0,53.34979999999997,6.2603,Europe/Dublin,Education,,,,12.1
2017-03-19 15:00:00,Wolf_education_Josefa,3.3625,Wolf,750.0,53.34979999999997,6.2603,Europe/Dublin,Education,,,,11.9
2017-03-19 16:00:00,Wolf_education_Josefa,3.4625,Wolf,750.0,53.34979999999997,6.2603,Europe/Dublin,Education,,,,12.8
2017-03-19 17:00:00,Wolf_education_Josefa,3.06,Wolf,750.0,53.34979999999997,6.2603,Europe/Dublin,Education,,,,11.9
2017-03-19 18:00:00,Wolf_education_Josefa,3.53,Wolf,750.0,53.34979999999997,6.2603,Europe/Dublin,Education,,,,11.2
2017-03-19 19:00:00,Wolf_education_Josefa,4.17,Wolf,750.0,53.34979999999997,6.2603,Europe/Dublin,Education,,,,10.1
2017-03-19 20:00:00,Wolf_education_Josefa,4.31,Wolf,750.0,53.34979999999997,6.2603,Europe/Dublin,Education,,,,10.1
2017-03-19 21:00:00,Wolf_education_Josefa,4.1175,Wolf,750.0,53.34979999999997,6.2603,Europe/Dublin,Education,,,,9.9
2017-03-19 22:00:00,Wolf_education_Josefa,4.085,Wolf,750.0,53.34979999999997,6.2603,Europe/Dublin,Education,,,,9.5
2017-03-19 23:00:00,Wolf_education_Josefa,4.51,Wolf,750.0,53.34979999999997,6.2603,Europe/Dublin,Education,,,,9.2
2017-03-20 00:00:00,Wolf_education_Josefa,4.5425,Wolf,750.0,53.34979999999997,6.2603,Europe/Dublin,Education,,,,9.6
2017-03-20 01:00:00,Wolf_education_Josefa,4.5225,Wolf,750.0,53.34979999999997,6.2603,Europe/Dublin,Education,,,,10.1
2017-03-20 02:00:00,Wolf_education_Josefa,4.92,Wolf,750.0,53.34979999999997,6.2603,Europe/Dublin,Education,,,,9.9
2017-03-20 03:00:00,Wolf_education_Josefa,4.52,Wolf,750.0,53.34979999999997,6.2603,Europe/Dublin,Education,,,,10.0
2017-03-20 04:00:00,Wolf_education_Josefa,4.4425,Wolf,750.0,53.34979999999997,6.2603,Europe/Dublin,Education,,,,8.8
2017-03-20 05:00:00,Wolf_education_Josefa,4.565,Wolf,750.0,53.34979999999997,6.2603,Europe/Dublin,Education,,,,8.6
2017-03-20 06:00:00,Wolf_education_Josefa,4.7575,Wolf,750.0,53.34979999999997,6.2603,Europe/Dublin,Education,,,,8.5
2017-03-20 07:00:00,Wolf_education_Josefa,9.2075,Wolf,750.0,53.34979999999997,6.2603,Europe/Dublin,Education,,,,7.9
2017-03-20 08:00:00,Wolf_education_Josefa,15.09,Wolf,750.0,53.34979999999997,6.2603,Europe/Dublin,Education,,,,7.5
2017-03-20 09:00:00,Wolf_education_Josefa,20.4725,Wolf,750.0,53.34979999999997,6.2603,Europe/Dublin,Education,,,,7.1
2017-03-20 10:00:00,Wolf_education_Josefa,18.4225,Wolf,750.0,53.34979999999997,6.2603,Europe/Dublin,Education,,,,7.4
2017-03-20 11:00:00,Wolf_education_Josefa,16.2525,Wolf,750.0,53.34979999999997,6.2603,Europe/Dublin,Education,,,,8.9
2017-03-20 12:00:00,Wolf_education_Josefa,15.5575,Wolf,750.0,53.34979999999997,6.2603,Europe/Dublin,Education,,,,9.1
2017-03-20 13:00:00,Wolf_education_Josefa,13.7525,Wolf,750.0,53.34979999999997,6.2603,Europe/Dublin,Education,,,,10.0
2017-03-20 14:00:00,Wolf_education_Josefa,12.3425,Wolf,750.0,53.34979999999997,6.2603,Europe/Dublin,Education,,,,10.2
2017-03-20 15:00:00,Wolf_education_Josefa,13.9275,Wolf,750.0,53.34979999999997,6.2603,Europe/Dublin,Education,,,,7.7
2017-03-20 16:00:00,Wolf_education_Josefa,13.0525,Wolf,750.0,53.34979999999997,6.2603,Europe/Dublin,Education,,,,8.0
2017-03-20 17:00:00,Wolf_education_Josefa,11.8575,Wolf,750.0,53.34979999999997,6.2603,Europe/Dublin,Education,,,,7.6
2017-03-20 18:00:00,Wolf_education_Josefa,8.4225,Wolf,750.0,53.34979999999997,6.2603,Europe/Dublin,Education,,,,6.9
2017-03-20 19:00:00,Wolf_education_Josefa,9.4925,Wolf,750.0,53.34979999999997,6.2603,Europe/Dublin,Education,,,,6.3
2017-03-20 20:00:00,Wolf_education_Josefa,8.9875,Wolf,750.0,53.34979999999997,6.2603,Europe/Dublin,Education,,,,4.9
2017-03-20 21:00:00,Wolf_education_Josefa,5.115,Wolf,750.0,53.34979999999997,6.2603,Europe/Dublin,Education,,,,3.8
2017-03-20 22:00:00,Wolf_education_Josefa,4.245,Wolf,750.0,53.34979999999997,6.2603,Europe/Dublin,Education,,,,3.0
2017-03-20 23:00:00,Wolf_education_Josefa,4.1425,Wolf,750.0,53.34979999999997,6.2603,Europe/Dublin,Education,,,,2.0
2017-03-21 00:00:00,Wolf_education_Josefa,4.0175,Wolf,750.0,53.34979999999997,6.2603,Europe/Dublin,Education,,,,1.5
2017-03-21 01:00:00,Wolf_education_Josefa,4.685,Wolf,750.0,53.34979999999997,6.2603,Europe/Dublin,Education,,,,1.7
2017-03-21 02:00:00,Wolf_education_Josefa,4.6425,Wolf,750.0,53.34979999999997,6.2603,Europe/Dublin,Education,,,,1.2
2017-03-21 03:00:00,Wolf_education_Josefa,4.6875,Wolf,750.0,53.34979999999997,6.2603,Europe/Dublin,Education,,,,1.2
2017-03-21 04:00:00,Wolf_education_Josefa,4.53,Wolf,750.0,53.34979999999997,6.2603,Europe/Dublin,Education,,,,1.1
2017-03-21 05:00:00,Wolf_education_Josefa,4.6875,Wolf,750.0,53.34979999999997,6.2603,Europe/Dublin,Education,,,,1.0
2017-03-21 06:00:00,Wolf_education_Josefa,3.99,Wolf,750.0,53.34979999999997,6.2603,Europe/Dublin,Education,,,,1.3
2017-03-21 07:00:00,Wolf_education_Josefa,9.3625,Wolf,750.0,53.34979999999997,6.2603,Europe/Dublin,Education,,,,1.0
2017-03-21 08:00:00,Wolf_education_Josefa,17.74,Wolf,750.0,53.34979999999997,6.2603,Europe/Dublin,Education,,,,1.7
2017-03-21 09:00:00,Wolf_education_Josefa,20.1225,Wolf,750.0,53.34979999999997,6.2603,Europe/Dublin,Education,,,,2.8
2017-03-21 10:00:00,Wolf_education_Josefa,17.19,Wolf,750.0,53.34979999999997,6.2603,Europe/Dublin,Education,,,,4.3
2017-03-21 11:00:00,Wolf_education_Josefa,15.5975,Wolf,750.0,53.34979999999997,6.2603,Europe/Dublin,Education,,,,4.8
2017-03-21 12:00:00,Wolf_education_Josefa,16.695,Wolf,750.0,53.34979999999997,6.2603,Europe/Dublin,Education,,,,6.7
2017-03-21 13:00:00,Wolf_education_Josefa,15.6125,Wolf,750.0,53.34979999999997,6.2603,Europe/Dublin,Education,,,,7.2
2017-03-21 14:00:00,Wolf_education_Josefa,12.0925,Wolf,750.0,53.34979999999997,6.2603,Europe/Dublin,Education,,,,6.9
2017-03-21 15:00:00,Wolf_education_Josefa,14.365,Wolf,750.0,53.34979999999997,6.2603,Europe/Dublin,Education,,,,6.9
2017-03-21 16:00:00,Wolf_education_Josefa,13.9625,Wolf,750.0,53.34979999999997,6.2603,Europe/Dublin,Education,,,,6.8
2017-03-21 17:00:00,Wolf_education_Josefa,11.405,Wolf,750.0,53.34979999999997,6.2603,Europe/Dublin,Education,,,,6.5
2017-03-21 18:00:00,Wolf_education_Josefa,7.345,Wolf,750.0,53.34979999999997,6.2603,Europe/Dublin,Education,,,,6.1
2017-03-21 19:00:00,Wolf_education_Josefa,10.8325,Wolf,750.0,53.34979999999997,6.2603,Europe/Dublin,Education,,,,4.8
2017-03-21 20:00:00,Wolf_education_Josefa,10.7625,Wolf,750.0,53.34979999999997,6.2603,Europe/Dublin,Education,,,,4.7
2017-03-21 21:00:00,Wolf_education_Josefa,6.2725,Wolf,750.0,53.34979999999997,6.2603,Europe/Dublin,Education,,,,3.7
2017-03-21 22:00:00,Wolf_education_Josefa,4.3225,Wolf,750.0,53.34979999999997,6.2603,Europe/Dublin,Education,,,,3.1
2017-03-21 23:00:00,Wolf_education_Josefa,4.43,Wolf,750.0,53.34979999999997,6.2603,Europe/Dublin,Education,,,,3.3
2017-03-22 00:00:00,Wolf_education_Josefa,4.3825,Wolf,750.0,53.34979999999997,6.2603,Europe/Dublin,Education,,,,3.2
2017-03-22 01:00:00,Wolf_education_Josefa,4.42,Wolf,750.0,53.34979999999997,6.2603,Europe/Dublin,Education,,,,2.2
2017-03-22 02:00:00,Wolf_education_Josefa,4.865,Wolf,750.0,53.34979999999997,6.2603,Europe/Dublin,Education,,,,2.0
2017-03-22 03:00:00,Wolf_education_Josefa,4.9275,Wolf,750.0,53.34979999999997,6.2603,Europe/Dublin,Education,,,,2.8
2017-03-22 04:00:00,Wolf_education_Josefa,4.9625,Wolf,750.0,53.34979999999997,6.2603,Europe/Dublin,Education,,,,3.6
2017-03-22 05:00:00,Wolf_education_Josefa,4.88,Wolf,750.0,53.34979999999997,6.2603,Europe/Dublin,Education,,,,3.8
2017-03-22 06:00:00,Wolf_education_Josefa,4.7325,Wolf,750.0,53.34979999999997,6.2603,Europe/Dublin,Education,,,,3.5
2017-03-22 07:00:00,Wolf_education_Josefa,9.965,Wolf,750.0,53.34979999999997,6.2603,Europe/Dublin,Education,,,,3.6
2017-03-22 08:00:00,Wolf_education_Josefa,14.95,Wolf,750.0,53.34979999999997,6.2603,Europe/Dublin,Education,,,,3.8
2017-03-22 09:00:00,Wolf_education_Josefa,18.0225,Wolf,750.0,53.34979999999997,6.2603,Europe/Dublin,Education,,,,3.9
2017-03-22 10:00:00,Wolf_education_Josefa,19.0775,Wolf,750.0,53.34979999999997,6.2603,Europe/Dublin,Education,,,,3.9
2017-03-22 11:00:00,Wolf_education_Josefa,18.375,Wolf,750.0,53.34979999999997,6.2603,Europe/Dublin,Education,,,,4.4
2017-03-22 12:00:00,Wolf_education_Josefa,20.2725,Wolf,750.0,53.34979999999997,6.2603,Europe/Dublin,Education,,,,3.9
2017-03-22 13:00:00,Wolf_education_Josefa,18.48,Wolf,750.0,53.34979999999997,6.2603,Europe/Dublin,Education,,,,4.4
2017-03-22 14:00:00,Wolf_education_Josefa,17.6325,Wolf,750.0,53.34979999999997,6.2603,Europe/Dublin,Education,,,,4.1
2017-03-22 15:00:00,Wolf_education_Josefa,18.13,Wolf,750.0,53.34979999999997,6.2603,Europe/Dublin,Education,,,,4.0
2017-03-22 16:00:00,Wolf_education_Josefa,18.285,Wolf,750.0,53.34979999999997,6.2603,Europe/Dublin,Education,,,,3.7
2017-03-22 17:00:00,Wolf_education_Josefa,12.205,Wolf,750.0,53.34979999999997,6.2603,Europe/Dublin,Education,,,,3.8
2017-03-22 18:00:00,Wolf_education_Josefa,8.8,Wolf,750.0,53.34979999999997,6.2603,Europe/Dublin,Education,,,,4.6
2017-03-22 19:00:00,Wolf_education_Josefa,11.5475,Wolf,750.0,53.34979999999997,6.2603,Europe/Dublin,Education,,,,4.0
2017-03-22 20:00:00,Wolf_education_Josefa,9.77,Wolf,750.0,53.34979999999997,6.2603,Europe/Dublin,Education,,,,3.9
2017-03-22 21:00:00,Wolf_education_Josefa,4.94,Wolf,750.0,53.34979999999997,6.2603,Europe/Dublin,Education,,,,4.0
2017-03-22 22:00:00,Wolf_education_Josefa,4.15,Wolf,750.0,53.34979999999997,6.2603,Europe/Dublin,Education,,,,4.2
2017-03-22 23:00:00,Wolf_education_Josefa,4.0375,Wolf,750.0,53.34979999999997,6.2603,Europe/Dublin,Education,,,,4.5
2017-03-23 00:00:00,Wolf_education_Josefa,4.045,Wolf,750.0,53.34979999999997,6.2603,Europe/Dublin,Education,,,,4.3
2017-03-23 01:00:00,Wolf_education_Josefa,4.8925,Wolf,750.0,53.34979999999997,6.2603,Europe/Dublin,Education,,,,4.3
2017-03-23 02:00:00,Wolf_education_Josefa,4.5725,Wolf,750.0,53.34979999999997,6.2603,Europe/Dublin,Education,,,,4.4
2017-03-23 03:00:00,Wolf_education_Josefa,4.6,Wolf,750.0,53.34979999999997,6.2603,Europe/Dublin,Education,,,,4.6
2017-03-23 04:00:00,Wolf_education_Josefa,4.5375,Wolf,750.0,53.34979999999997,6.2603,Europe/Dublin,Education,,,,4.3
2017-03-23 05:00:00,Wolf_education_Josefa,4.5475,Wolf,750.0,53.34979999999997,6.2603,Europe/Dublin,Education,,,,5.0
2017-03-23 06:00:00,Wolf_education_Josefa,4.1425,Wolf,750.0,53.34979999999997,6.2603,Europe/Dublin,Education,,,,5.4
2017-03-23 07:00:00,Wolf_education_Josefa,6.5475,Wolf,750.0,53.34979999999997,6.2603,Europe/Dublin,Education,,,,6.0
2017-03-23 08:00:00,Wolf_education_Josefa,13.905,Wolf,750.0,53.34979999999997,6.2603,Europe/Dublin,Education,,,,6.5
2017-03-23 09:00:00,Wolf_education_Josefa,16.725,Wolf,750.0,53.34979999999997,6.2603,Europe/Dublin,Education,,,,7.5
2017-03-23 10:00:00,Wolf_education_Josefa,18.675,Wolf,750.0,53.34979999999997,6.2603,Europe/Dublin,Education,,,,6.7
2017-03-23 11:00:00,Wolf_education_Josefa,17.8,Wolf,750.0,53.34979999999997,6.2603,Europe/Dublin,Education,,,,7.3
2017-03-23 12:00:00,Wolf_education_Josefa,16.0775,Wolf,750.0,53.34979999999997,6.2603,Europe/Dublin,Education,,,,7.9
2017-03-23 13:00:00,Wolf_education_Josefa,16.56,Wolf,750.0,53.34979999999997,6.2603,Europe/Dublin,Education,,,,7.8
2017-03-23 14:00:00,Wolf_education_Josefa,15.565,Wolf,750.0,53.34979999999997,6.2603,Europe/Dublin,Education,,,,7.9
2017-03-23 15:00:00,Wolf_education_Josefa,16.9925,Wolf,750.0,53.34979999999997,6.2603,Europe/Dublin,Education,,,,7.7
2017-03-23 16:00:00,Wolf_education_Josefa,19.41,Wolf,750.0,53.34979999999997,6.2603,Europe/Dublin,Education,,,,8.3
2017-03-23 17:00:00,Wolf_education_Josefa,12.18,Wolf,750.0,53.34979999999997,6.2603,Europe/Dublin,Education,,,,8.4
2017-03-23 18:00:00,Wolf_education_Josefa,10.44,Wolf,750.0,53.34979999999997,6.2603,Europe/Dublin,Education,,,,7.5
2017-03-23 19:00:00,Wolf_education_Josefa,10.8625,Wolf,750.0,53.34979999999997,6.2603,Europe/Dublin,Education,,,,6.5
2017-03-23 20:00:00,Wolf_education_Josefa,10.445,Wolf,750.0,53.34979999999997,6.2603,Europe/Dublin,Education,,,,5.8
2017-03-23 21:00:00,Wolf_education_Josefa,5.2675,Wolf,750.0,53.34979999999997,6.2603,Europe/Dublin,Education,,,,6.1
2017-03-23 22:00:00,Wolf_education_Josefa,4.2475,Wolf,750.0,53.34979999999997,6.2603,Europe/Dublin,Education,,,,6.5
2017-03-23 23:00:00,Wolf_education_Josefa,4.395,Wolf,750.0,53.34979999999997,6.2603,Europe/Dublin,Education,,,,6.2
2017-03-24 00:00:00,Wolf_education_Josefa,4.1,Wolf,750.0,53.34979999999997,6.2603,Europe/Dublin,Education,,,,5.5
2017-03-24 01:00:00,Wolf_education_Josefa,4.26,Wolf,750.0,53.34979999999997,6.2603,Europe/Dublin,Education,,,,4.9
2017-03-24 02:00:00,Wolf_education_Josefa,4.4,Wolf,750.0,53.34979999999997,6.2603,Europe/Dublin,Education,,,,4.2
2017-03-24 03:00:00,Wolf_education_Josefa,4.5675,Wolf,750.0,53.34979999999997,6.2603,Europe/Dublin,Education,,,,3.1
2017-03-24 04:00:00,Wolf_education_Josefa,4.6375,Wolf,750.0,53.34979999999997,6.2603,Europe/Dublin,Education,,,,3.0
2017-03-24 05:00:00,Wolf_education_Josefa,4.55,Wolf,750.0,53.34979999999997,6.2603,Europe/Dublin,Education,,,,4.9
2017-03-24 06:00:00,Wolf_education_Josefa,4.0975,Wolf,750.0,53.34979999999997,6.2603,Europe/Dublin,Education,,,,4.1
2017-03-24 07:00:00,Wolf_education_Josefa,6.9625,Wolf,750.0,53.34979999999997,6.2603,Europe/Dublin,Education,,,,5.2
2017-03-24 08:00:00,Wolf_education_Josefa,12.01,Wolf,750.0,53.34979999999997,6.2603,Europe/Dublin,Education,,,,6.8
2017-03-24 09:00:00,Wolf_education_Josefa,17.29,Wolf,750.0,53.34979999999997,6.2603,Europe/Dublin,Education,,,,7.3
2017-03-24 10:00:00,Wolf_education_Josefa,20.7175,Wolf,750.0,53.34979999999997,6.2603,Europe/Dublin,Education,,,,8.3
2017-03-24 11:00:00,Wolf_education_Josefa,16.1675,Wolf,750.0,53.34979999999997,6.2603,Europe/Dublin,Education,,,,8.2
2017-03-24 12:00:00,Wolf_education_Josefa,14.8775,Wolf,750.0,53.34979999999997,6.2603,Europe/Dublin,Education,,,,8.9
2017-03-24 13:00:00,Wolf_education_Josefa,16.68,Wolf,750.0,53.34979999999997,6.2603,Europe/Dublin,Education,,,,8.9
2017-03-24 14:00:00,Wolf_education_Josefa,11.5575,Wolf,750.0,53.34979999999997,6.2603,Europe/Dublin,Education,,,,9.4
2017-03-24 15:00:00,Wolf_education_Josefa,14.2375,Wolf,750.0,53.34979999999997,6.2603,Europe/Dublin,Education,,,,8.8
2017-03-24 16:00:00,Wolf_education_Josefa,12.36,Wolf,750.0,53.34979999999997,6.2603,Europe/Dublin,Education,,,,8.9
2017-03-24 17:00:00,Wolf_education_Josefa,11.03,Wolf,750.0,53.34979999999997,6.2603,Europe/Dublin,Education,,,,8.4
2017-03-24 18:00:00,Wolf_education_Josefa,8.3775,Wolf,750.0,53.34979999999997,6.2603,Europe/Dublin,Education,,,,7.4
2017-03-24 19:00:00,Wolf_education_Josefa,5.2825,Wolf,750.0,53.34979999999997,6.2603,Europe/Dublin,Education,,,,6.3
2017-03-24 20:00:00,Wolf_education_Josefa,4.365,Wolf,750.0,53.34979999999997,6.2603,Europe/Dublin,Education,,,,4.5
2017-03-24 21:00:00,Wolf_education_Josefa,4.0,Wolf,750.0,53.34979999999997,6.2603,Europe/Dublin,Education,,,,3.1
2017-03-24 22:00:00,Wolf_education_Josefa,3.985,Wolf,750.0,53.34979999999997,6.2603,Europe/Dublin,Education,,,,1.7
2017-03-24 23:00:00,Wolf_education_Josefa,3.995,Wolf,750.0,53.34979999999997,6.2603,Europe/Dublin,Education,,,,-0.1
2017-03-25 00:00:00,Wolf_education_Josefa,4.02,Wolf,750.0,53.34979999999997,6.2603,Europe/Dublin,Education,,,,-0.7
2017-03-25 01:00:00,Wolf_education_Josefa,4.13,Wolf,750.0,53.34979999999997,6.2603,Europe/Dublin,Education,,,,-0.8
2017-03-25 02:00:00,Wolf_education_Josefa,4.59,Wolf,750.0,53.34979999999997,6.2603,Europe/Dublin,Education,,,,-1.0
2017-03-25 03:00:00,Wolf_education_Josefa,4.695,Wolf,750.0,53.34979999999997,6.2603,Europe/Dublin,Education,,,,-0.1
2017-03-25 04:00:00,Wolf_education_Josefa,4.515,Wolf,750.0,53.34979999999997,6.2603,Europe/Dublin,Education,,,,-0.7
2017-03-25 05:00:00,Wolf_education_Josefa,4.5625,Wolf,750.0,53.34979999999997,6.2603,Europe/Dublin,Education,,,,1.4
2017-03-25 06:00:00,Wolf_education_Josefa,3.48,Wolf,750.0,53.34979999999997,6.2603,Europe/Dublin,Education,,,,2.1
2017-03-25 07:00:00,Wolf_education_Josefa,3.35,Wolf,750.0,53.34979999999997,6.2603,Europe/Dublin,Education,,,,1.6
2017-03-25 08:00:00,Wolf_education_Josefa,2.7575,Wolf,750.0,53.34979999999997,6.2603,Europe/Dublin,Education,,,,4.9
2017-03-25 09:00:00,Wolf_education_Josefa,2.875,Wolf,750.0,53.34979999999997,6.2603,Europe/Dublin,Education,,,,8.0
2017-03-25 10:00:00,Wolf_education_Josefa,3.3025,Wolf,750.0,53.34979999999997,6.2603,Europe/Dublin,Education,,,,9.4
2017-03-25 11:00:00,Wolf_education_Josefa,6.1675,Wolf,750.0,53.34979999999997,6.2603,Europe/Dublin,Education,,,,10.4
2017-03-25 12:00:00,Wolf_education_Josefa,7.2825,Wolf,750.0,53.34979999999997,6.2603,Europe/Dublin,Education,,,,11.2
2017-03-25 13:00:00,Wolf_education_Josefa,5.8925,Wolf,750.0,53.34979999999997,6.2603,Europe/Dublin,Education,,,,11.4
2017-03-25 14:00:00,Wolf_education_Josefa,5.565,Wolf,750.0,53.34979999999997,6.2603,Europe/Dublin,Education,,,,11.5
2017-03-25 15:00:00,Wolf_education_Josefa,5.945,Wolf,750.0,53.34979999999997,6.2603,Europe/Dublin,Education,,,,11.2
2017-03-25 16:00:00,Wolf_education_Josefa,6.8575,Wolf,750.0,53.34979999999997,6.2603,Europe/Dublin,Education,,,,10.6
2017-03-25 17:00:00,Wolf_education_Josefa,4.4825,Wolf,750.0,53.34979999999997,6.2603,Europe/Dublin,Education,,,,9.6
2017-03-25 18:00:00,Wolf_education_Josefa,2.905,Wolf,750.0,53.34979999999997,6.2603,Europe/Dublin,Education,,,,8.0
2017-03-25 19:00:00,Wolf_education_Josefa,3.64,Wolf,750.0,53.34979999999997,6.2603,Europe/Dublin,Education,,,,5.5
2017-03-25 20:00:00,Wolf_education_Josefa,3.8825,Wolf,750.0,53.34979999999997,6.2603,Europe/Dublin,Education,,,,5.2
2017-03-25 21:00:00,Wolf_education_Josefa,3.8775,Wolf,750.0,53.34979999999997,6.2603,Europe/Dublin,Education,,,,3.8
2017-03-25 22:00:00,Wolf_education_Josefa,4.3075,Wolf,750.0,53.34979999999997,6.2603,Europe/Dublin,Education,,,,4.0
2017-03-25 23:00:00,Wolf_education_Josefa,3.9175,Wolf,750.0,53.34979999999997,6.2603,Europe/Dublin,Education,,,,3.4
2017-03-26 00:00:00,Wolf_education_Josefa,3.86,Wolf,750.0,53.34979999999997,6.2603,Europe/Dublin,Education,,,,2.5
2017-03-26 01:00:00,Wolf_education_Josefa,4.425,Wolf,750.0,53.34979999999997,6.2603,Europe/Dublin,Education,,,,3.2
2017-03-26 02:00:00,Wolf_education_Josefa,4.4575,Wolf,750.0,53.34979999999997,6.2603,Europe/Dublin,Education,,,,3.2
2017-03-26 03:00:00,Wolf_education_Josefa,4.6725,Wolf,750.0,53.34979999999997,6.2603,Europe/Dublin,Education,,,,4.5
2017-03-26 04:00:00,Wolf_education_Josefa,4.29,Wolf,750.0,53.34979999999997,6.2603,Europe/Dublin,Education,,,,4.6
2017-03-26 05:00:00,Wolf_education_Josefa,4.6225,Wolf,750.0,53.34979999999997,6.2603,Europe/Dublin,Education,,,,5.3
2017-03-26 06:00:00,Wolf_education_Josefa,3.5725,Wolf,750.0,53.34979999999997,6.2603,Europe/Dublin,Education,,,,3.7
2017-03-26 07:00:00,Wolf_education_Josefa,2.8025,Wolf,750.0,53.34979999999997,6.2603,Europe/Dublin,Education,,,,5.4
2017-03-26 08:00:00,Wolf_education_Josefa,3.555,Wolf,750.0,53.34979999999997,6.2603,Europe/Dublin,Education,,,,8.0
2017-03-26 09:00:00,Wolf_education_Josefa,3.5475,Wolf,750.0,53.34979999999997,6.2603,Europe/Dublin,Education,,,,9.8
2017-03-26 10:00:00,Wolf_education_Josefa,2.9925,Wolf,750.0,53.34979999999997,6.2603,Europe/Dublin,Education,,,,10.2
2017-03-26 11:00:00,Wolf_education_Josefa,3.705,Wolf,750.0,53.34979999999997,6.2603,Europe/Dublin,Education,,,,10.9
2017-03-26 12:00:00,Wolf_education_Josefa,3.6575,Wolf,750.0,53.34979999999997,6.2603,Europe/Dublin,Education,,,,10.9
2017-03-26 13:00:00,Wolf_education_Josefa,3.7025,Wolf,750.0,53.34979999999997,6.2603,Europe/Dublin,Education,,,,10.6
2017-03-26 14:00:00,Wolf_education_Josefa,3.44,Wolf,750.0,53.34979999999997,6.2603,Europe/Dublin,Education,,,,10.5
2017-03-26 15:00:00,Wolf_education_Josefa,3.18,Wolf,750.0,53.34979999999997,6.2603,Europe/Dublin,Education,,,,10.1
2017-03-26 16:00:00,Wolf_education_Josefa,3.305,Wolf,750.0,53.34979999999997,6.2603,Europe/Dublin,Education,,,,10.2
2017-03-26 17:00:00,Wolf_education_Josefa,3.07,Wolf,750.0,53.34979999999997,6.2603,Europe/Dublin,Education,,,,10.5
2017-03-26 18:00:00,Wolf_education_Josefa,3.0925,Wolf,750.0,53.34979999999997,6.2603,Europe/Dublin,Education,,,,9.6
2017-03-26 19:00:00,Wolf_education_Josefa,3.6875,Wolf,750.0,53.34979999999997,6.2603,Europe/Dublin,Education,,,,8.0
2017-03-26 20:00:00,Wolf_education_Josefa,4.405,Wolf,750.0,53.34979999999997,6.2603,Europe/Dublin,Education,,,,7.4
2017-03-26 21:00:00,Wolf_education_Josefa,4.5525,Wolf,750.0,53.34979999999997,6.2603,Europe/Dublin,Education,,,,7.2
2017-03-26 22:00:00,Wolf_education_Josefa,4.5425,Wolf,750.0,53.34979999999997,6.2603,Europe/Dublin,Education,,,,7.5
2017-03-26 23:00:00,Wolf_education_Josefa,4.5475,Wolf,750.0,53.34979999999997,6.2603,Europe/Dublin,Education,,,,6.3
2017-03-27 00:00:00,Wolf_education_Josefa,4.5775,Wolf,750.0,53.34979999999997,6.2603,Europe/Dublin,Education,,,,7.9
2017-03-27 01:00:00,Wolf_education_Josefa,4.4325,Wolf,750.0,53.34979999999997,6.2603,Europe/Dublin,Education,,,,8.0
2017-03-27 02:00:00,Wolf_education_Josefa,4.54,Wolf,750.0,53.34979999999997,6.2603,Europe/Dublin,Education,,,,6.6
2017-03-27 03:00:00,Wolf_education_Josefa,4.6575,Wolf,750.0,53.34979999999997,6.2603,Europe/Dublin,Education,,,,3.8
2017-03-27 04:00:00,Wolf_education_Josefa,4.4275,Wolf,750.0,53.34979999999997,6.2603,Europe/Dublin,Education,,,,6.1
2017-03-27 05:00:00,Wolf_education_Josefa,5.09,Wolf,750.0,53.34979999999997,6.2603,Europe/Dublin,Education,,,,5.1
2017-03-27 06:00:00,Wolf_education_Josefa,9.69,Wolf,750.0,53.34979999999997,6.2603,Europe/Dublin,Education,,,,4.3
2017-03-27 07:00:00,Wolf_education_Josefa,17.1425,Wolf,750.0,53.34979999999997,6.2603,Europe/Dublin,Education,,,,5.1
2017-03-27 08:00:00,Wolf_education_Josefa,17.505,Wolf,750.0,53.34979999999997,6.2603,Europe/Dublin,Education,,,,7.4
2017-03-27 09:00:00,Wolf_education_Josefa,16.04,Wolf,750.0,53.34979999999997,6.2603,Europe/Dublin,Education,,,,9.7
2017-03-27 10:00:00,Wolf_education_Josefa,14.4875,Wolf,750.0,53.34979999999997,6.2603,Europe/Dublin,Education,,,,11.3
2017-03-27 11:00:00,Wolf_education_Josefa,13.135,Wolf,750.0,53.34979999999997,6.2603,Europe/Dublin,Education,,,,11.2
2017-03-27 12:00:00,Wolf_education_Josefa,14.125,Wolf,750.0,53.34979999999997,6.2603,Europe/Dublin,Education,,,,11.3
2017-03-27 13:00:00,Wolf_education_Josefa,12.1225,Wolf,750.0,53.34979999999997,6.2603,Europe/Dublin,Education,,,,11.5
2017-03-27 14:00:00,Wolf_education_Josefa,12.73,Wolf,750.0,53.34979999999997,6.2603,Europe/Dublin,Education,,,,10.7
2017-03-27 15:00:00,Wolf_education_Josefa,11.7125,Wolf,750.0,53.34979999999997,6.2603,Europe/Dublin,Education,,,,9.8
2017-03-27 16:00:00,Wolf_education_Josefa,13.235,Wolf,750.0,53.34979999999997,6.2603,Europe/Dublin,Education,,,,9.1
2017-03-27 17:00:00,Wolf_education_Josefa,5.87,Wolf,750.0,53.34979999999997,6.2603,Europe/Dublin,Education,,,,8.1
2017-03-27 18:00:00,Wolf_education_Josefa,7.48,Wolf,750.0,53.34979999999997,6.2603,Europe/Dublin,Education,,,,7.8
2017-03-27 19:00:00,Wolf_education_Josefa,9.3775,Wolf,750.0,53.34979999999997,6.2603,Europe/Dublin,Education,,,,6.6
2017-03-27 20:00:00,Wolf_education_Josefa,4.54,Wolf,750.0,53.34979999999997,6.2603,Europe/Dublin,Education,,,,5.6
2017-03-27 21:00:00,Wolf_education_Josefa,4.38,Wolf,750.0,53.34979999999997,6.2603,Europe/Dublin,Education,,,,6.2
2017-03-27 22:00:00,Wolf_education_Josefa,3.8825,Wolf,750.0,53.34979999999997,6.2603,Europe/Dublin,Education,,,,5.8
2017-03-27 23:00:00,Wolf_education_Josefa,4.2025,Wolf,750.0,53.34979999999997,6.2603,Europe/Dublin,Education,,,,3.4
2017-03-28 00:00:00,Wolf_education_Josefa,4.1075,Wolf,750.0,53.34979999999997,6.2603,Europe/Dublin,Education,,,,3.5
2017-03-28 01:00:00,Wolf_education_Josefa,3.935,Wolf,750.0,53.34979999999997,6.2603,Europe/Dublin,Education,,,,4.0
2017-03-28 02:00:00,Wolf_education_Josefa,4.7125,Wolf,750.0,53.34979999999997,6.2603,Europe/Dublin,Education,,,,3.8
2017-03-28 03:00:00,Wolf_education_Josefa,4.375,Wolf,750.0,53.34979999999997,6.2603,Europe/Dublin,Education,,,,3.6
2017-03-28 04:00:00,Wolf_education_Josefa,4.5125,Wolf,750.0,53.34979999999997,6.2603,Europe/Dublin,Education,,,,4.3
2017-03-28 05:00:00,Wolf_education_Josefa,4.6775,Wolf,750.0,53.34979999999997,6.2603,Europe/Dublin,Education,,,,6.7
2017-03-28 06:00:00,Wolf_education_Josefa,9.0275,Wolf,750.0,53.34979999999997,6.2603,Europe/Dublin,Education,,,,6.7
2017-03-28 07:00:00,Wolf_education_Josefa,15.3875,Wolf,750.0,53.34979999999997,6.2603,Europe/Dublin,Education,,,,7.5
2017-03-28 08:00:00,Wolf_education_Josefa,13.935,Wolf,750.0,53.34979999999997,6.2603,Europe/Dublin,Education,,,,8.0
2017-03-28 09:00:00,Wolf_education_Josefa,16.97,Wolf,750.0,53.34979999999997,6.2603,Europe/Dublin,Education,,,,9.3
2017-03-28 10:00:00,Wolf_education_Josefa,13.0325,Wolf,750.0,53.34979999999997,6.2603,Europe/Dublin,Education,,,,11.5
2017-03-28 11:00:00,Wolf_education_Josefa,13.47,Wolf,750.0,53.34979999999997,6.2603,Europe/Dublin,Education,,,,10.6
2017-03-28 12:00:00,Wolf_education_Josefa,13.845,Wolf,750.0,53.34979999999997,6.2603,Europe/Dublin,Education,,,,11.0
2017-03-28 13:00:00,Wolf_education_Josefa,17.9475,Wolf,750.0,53.34979999999997,6.2603,Europe/Dublin,Education,,,,10.3
2017-03-28 14:00:00,Wolf_education_Josefa,17.19,Wolf,750.0,53.34979999999997,6.2603,Europe/Dublin,Education,,,,11.2
2017-03-28 15:00:00,Wolf_education_Josefa,15.87,Wolf,750.0,53.34979999999997,6.2603,Europe/Dublin,Education,,,,11.7
2017-03-28 16:00:00,Wolf_education_Josefa,12.625,Wolf,750.0,53.34979999999997,6.2603,Europe/Dublin,Education,,,,12.5
2017-03-28 17:00:00,Wolf_education_Josefa,8.255,Wolf,750.0,53.34979999999997,6.2603,Europe/Dublin,Education,,,,12.0
2017-03-28 18:00:00,Wolf_education_Josefa,10.135,Wolf,750.0,53.34979999999997,6.2603,Europe/Dublin,Education,,,,11.8
2017-03-28 19:00:00,Wolf_education_Josefa,9.945,Wolf,750.0,53.34979999999997,6.2603,Europe/Dublin,Education,,,,10.6
2017-03-28 20:00:00,Wolf_education_Josefa,6.13,Wolf,750.0,53.34979999999997,6.2603,Europe/Dublin,Education,,,,9.3
2017-03-28 21:00:00,Wolf_education_Josefa,4.075,Wolf,750.0,53.34979999999997,6.2603,Europe/Dublin,Education,,,,10.2
2017-03-28 22:00:00,Wolf_education_Josefa,4.0825,Wolf,750.0,53.34979999999997,6.2603,Europe/Dublin,Education,,,,9.8
2017-03-28 23:00:00,Wolf_education_Josefa,4.13,Wolf,750.0,53.34979999999997,6.2603,Europe/Dublin,Education,,,,9.2
2017-03-29 00:00:00,Wolf_education_Josefa,4.345,Wolf,750.0,53.34979999999997,6.2603,Europe/Dublin,Education,,,,8.6
2017-03-29 01:00:00,Wolf_education_Josefa,4.34,Wolf,750.0,53.34979999999997,6.2603,Europe/Dublin,Education,,,,8.6
2017-03-29 02:00:00,Wolf_education_Josefa,4.0575,Wolf,750.0,53.34979999999997,6.2603,Europe/Dublin,Education,,,,8.6
2017-03-29 03:00:00,Wolf_education_Josefa,4.1675,Wolf,750.0,53.34979999999997,6.2603,Europe/Dublin,Education,,,,8.6
2017-03-29 04:00:00,Wolf_education_Josefa,3.98,Wolf,750.0,53.34979999999997,6.2603,Europe/Dublin,Education,,,,8.6
2017-03-29 05:00:00,Wolf_education_Josefa,4.1325,Wolf,750.0,53.34979999999997,6.2603,Europe/Dublin,Education,,,,9.1
2017-03-29 06:00:00,Wolf_education_Josefa,8.7775,Wolf,750.0,53.34979999999997,6.2603,Europe/Dublin,Education,,,,9.5
2017-03-29 07:00:00,Wolf_education_Josefa,14.7075,Wolf,750.0,53.34979999999997,6.2603,Europe/Dublin,Education,,,,10.1
2017-03-29 08:00:00,Wolf_education_Josefa,15.44,Wolf,750.0,53.34979999999997,6.2603,Europe/Dublin,Education,,,,10.5
2017-03-29 09:00:00,Wolf_education_Josefa,16.4825,Wolf,750.0,53.34979999999997,6.2603,Europe/Dublin,Education,,,,12.4
2017-03-29 10:00:00,Wolf_education_Josefa,16.0,Wolf,750.0,53.34979999999997,6.2603,Europe/Dublin,Education,,,,13.3
2017-03-29 11:00:00,Wolf_education_Josefa,16.185,Wolf,750.0,53.34979999999997,6.2603,Europe/Dublin,Education,,,,13.9
2017-03-29 12:00:00,Wolf_education_Josefa,17.6075,Wolf,750.0,53.34979999999997,6.2603,Europe/Dublin,Education,,,,14.3
2017-03-29 13:00:00,Wolf_education_Josefa,15.5875,Wolf,750.0,53.34979999999997,6.2603,Europe/Dublin,Education,,,,15.1
2017-03-29 14:00:00,Wolf_education_Josefa,13.4125,Wolf,750.0,53.34979999999997,6.2603,Europe/Dublin,Education,,,,15.1
2017-03-29 15:00:00,Wolf_education_Josefa,12.345,Wolf,750.0,53.34979999999997,6.2603,Europe/Dublin,Education,,,,15.5
2017-03-29 16:00:00,Wolf_education_Josefa,12.9925,Wolf,750.0,53.34979999999997,6.2603,Europe/Dublin,Education,,,,14.6
2017-03-29 17:00:00,Wolf_education_Josefa,9.5225,Wolf,750.0,53.34979999999997,6.2603,Europe/Dublin,Education,,,,14.4
2017-03-29 18:00:00,Wolf_education_Josefa,9.9775,Wolf,750.0,53.34979999999997,6.2603,Europe/Dublin,Education,,,,13.4
2017-03-29 19:00:00,Wolf_education_Josefa,9.85,Wolf,750.0,53.34979999999997,6.2603,Europe/Dublin,Education,,,,12.4
2017-03-29 20:00:00,Wolf_education_Josefa,5.095,Wolf,750.0,53.34979999999997,6.2603,Europe/Dublin,Education,,,,12.0
2017-03-29 21:00:00,Wolf_education_Josefa,4.16,Wolf,750.0,53.34979999999997,6.2603,Europe/Dublin,Education,,,,12.8
2017-03-29 22:00:00,Wolf_education_Josefa,4.465,Wolf,750.0,53.34979999999997,6.2603,Europe/Dublin,Education,,,,13.0
2017-03-29 23:00:00,Wolf_education_Josefa,4.08,Wolf,750.0,53.34979999999997,6.2603,Europe/Dublin,Education,,,,12.4
2017-03-30 00:00:00,Wolf_education_Josefa,4.15,Wolf,750.0,53.34979999999997,6.2603,Europe/Dublin,Education,,,,12.5
2017-03-30 01:00:00,Wolf_education_Josefa,4.19,Wolf,750.0,53.34979999999997,6.2603,Europe/Dublin,Education,,,,12.4
2017-03-30 02:00:00,Wolf_education_Josefa,4.205,Wolf,750.0,53.34979999999997,6.2603,Europe/Dublin,Education,,,,12.1
2017-03-30 03:00:00,Wolf_education_Josefa,4.2625,Wolf,750.0,53.34979999999997,6.2603,Europe/Dublin,Education,,,,11.9
2017-03-30 04:00:00,Wolf_education_Josefa,3.805,Wolf,750.0,53.34979999999997,6.2603,Europe/Dublin,Education,,,,12.1
2017-03-30 05:00:00,Wolf_education_Josefa,4.1125,Wolf,750.0,53.34979999999997,6.2603,Europe/Dublin,Education,,,,11.8
2017-03-30 06:00:00,Wolf_education_Josefa,9.4175,Wolf,750.0,53.34979999999997,6.2603,Europe/Dublin,Education,,,,12.0
2017-03-30 07:00:00,Wolf_education_Josefa,14.2,Wolf,750.0,53.34979999999997,6.2603,Europe/Dublin,Education,,,,11.7
2017-03-30 08:00:00,Wolf_education_Josefa,16.8375,Wolf,750.0,53.34979999999997,6.2603,Europe/Dublin,Education,,,,12.8
2017-03-30 09:00:00,Wolf_education_Josefa,17.0575,Wolf,750.0,53.34979999999997,6.2603,Europe/Dublin,Education,,,,11.9
2017-03-30 10:00:00,Wolf_education_Josefa,17.0775,Wolf,750.0,53.34979999999997,6.2603,Europe/Dublin,Education,,,,13.2
2017-03-30 11:00:00,Wolf_education_Josefa,14.635,Wolf,750.0,53.34979999999997,6.2603,Europe/Dublin,Education,,,,13.4
2017-03-30 12:00:00,Wolf_education_Josefa,14.685,Wolf,750.0,53.34979999999997,6.2603,Europe/Dublin,Education,,,,13.4
2017-03-30 13:00:00,Wolf_education_Josefa,12.9775,Wolf,750.0,53.34979999999997,6.2603,Europe/Dublin,Education,,,,14.1
2017-03-30 14:00:00,Wolf_education_Josefa,17.34,Wolf,750.0,53.34979999999997,6.2603,Europe/Dublin,Education,,,,14.1
2017-03-30 15:00:00,Wolf_education_Josefa,15.86,Wolf,750.0,53.34979999999997,6.2603,Europe/Dublin,Education,,,,14.5
2017-03-30 16:00:00,Wolf_education_Josefa,13.045,Wolf,750.0,53.34979999999997,6.2603,Europe/Dublin,Education,,,,14.2
2017-03-30 17:00:00,Wolf_education_Josefa,8.3175,Wolf,750.0,53.34979999999997,6.2603,Europe/Dublin,Education,,,,11.5
2017-03-30 18:00:00,Wolf_education_Josefa,8.49,Wolf,750.0,53.34979999999997,6.2603,Europe/Dublin,Education,,,,12.9
2017-03-30 19:00:00,Wolf_education_Josefa,6.835,Wolf,750.0,53.34979999999997,6.2603,Europe/Dublin,Education,,,,10.9
2017-03-30 20:00:00,Wolf_education_Josefa,3.99,Wolf,750.0,53.34979999999997,6.2603,Europe/Dublin,Education,,,,10.8
2017-03-30 21:00:00,Wolf_education_Josefa,4.045,Wolf,750.0,53.34979999999997,6.2603,Europe/Dublin,Education,,,,11.0
2017-03-30 22:00:00,Wolf_education_Josefa,4.3475,Wolf,750.0,53.34979999999997,6.2603,Europe/Dublin,Education,,,,10.7
2017-03-30 23:00:00,Wolf_education_Josefa,4.385,Wolf,750.0,53.34979999999997,6.2603,Europe/Dublin,Education,,,,10.4
2017-03-31 00:00:00,Wolf_education_Josefa,4.105,Wolf,750.0,53.34979999999997,6.2603,Europe/Dublin,Education,,,,10.2
2017-03-31 01:00:00,Wolf_education_Josefa,4.2425,Wolf,750.0,53.34979999999997,6.2603,Europe/Dublin,Education,,,,11.5
2017-03-31 02:00:00,Wolf_education_Josefa,4.3,Wolf,750.0,53.34979999999997,6.2603,Europe/Dublin,Education,,,,10.5
2017-03-31 03:00:00,Wolf_education_Josefa,4.125,Wolf,750.0,53.34979999999997,6.2603,Europe/Dublin,Education,,,,10.1
2017-03-31 04:00:00,Wolf_education_Josefa,4.1225,Wolf,750.0,53.34979999999997,6.2603,Europe/Dublin,Education,,,,10.4
2017-03-31 05:00:00,Wolf_education_Josefa,4.305,Wolf,750.0,53.34979999999997,6.2603,Europe/Dublin,Education,,,,10.3
2017-03-31 06:00:00,Wolf_education_Josefa,9.085,Wolf,750.0,53.34979999999997,6.2603,Europe/Dublin,Education,,,,10.0
2017-03-31 07:00:00,Wolf_education_Josefa,14.955,Wolf,750.0,53.34979999999997,6.2603,Europe/Dublin,Education,,,,10.0
2017-03-31 08:00:00,Wolf_education_Josefa,14.625,Wolf,750.0,53.34979999999997,6.2603,Europe/Dublin,Education,,,,10.4
2017-03-31 09:00:00,Wolf_education_Josefa,16.835,Wolf,750.0,53.34979999999997,6.2603,Europe/Dublin,Education,,,,10.9
2017-03-31 10:00:00,Wolf_education_Josefa,14.8925,Wolf,750.0,53.34979999999997,6.2603,Europe/Dublin,Education,,,,11.7
2017-03-31 11:00:00,Wolf_education_Josefa,14.67,Wolf,750.0,53.34979999999997,6.2603,Europe/Dublin,Education,,,,13.5
2017-03-31 12:00:00,Wolf_education_Josefa,16.87,Wolf,750.0,53.34979999999997,6.2603,Europe/Dublin,Education,,,,12.9
2017-03-31 13:00:00,Wolf_education_Josefa,13.0725,Wolf,750.0,53.34979999999997,6.2603,Europe/Dublin,Education,,,,14.1
2017-03-31 14:00:00,Wolf_education_Josefa,13.82,Wolf,750.0,53.34979999999997,6.2603,Europe/Dublin,Education,,,,13.8
2017-03-31 15:00:00,Wolf_education_Josefa,12.9875,Wolf,750.0,53.34979999999997,6.2603,Europe/Dublin,Education,,,,14.7
2017-03-31 16:00:00,Wolf_education_Josefa,11.365,Wolf,750.0,53.34979999999997,6.2603,Europe/Dublin,Education,,,,14.0
2017-03-31 17:00:00,Wolf_education_Josefa,5.795,Wolf,750.0,53.34979999999997,6.2603,Europe/Dublin,Education,,,,13.6
2017-03-31 18:00:00,Wolf_education_Josefa,2.995,Wolf,750.0,53.34979999999997,6.2603,Europe/Dublin,Education,,,,12.6
2017-03-31 19:00:00,Wolf_education_Josefa,4.18,Wolf,750.0,53.34979999999997,6.2603,Europe/Dublin,Education,,,,11.1
2017-03-31 20:00:00,Wolf_education_Josefa,4.2475,Wolf,750.0,53.34979999999997,6.2603,Europe/Dublin,Education,,,,10.3
2017-03-31 21:00:00,Wolf_education_Josefa,4.2575,Wolf,750.0,53.34979999999997,6.2603,Europe/Dublin,Education,,,,9.3
2017-03-31 22:00:00,Wolf_education_Josefa,4.4275,Wolf,750.0,53.34979999999997,6.2603,Europe/Dublin,Education,,,,9.0
2017-03-31 23:00:00,Wolf_education_Josefa,4.33,Wolf,750.0,53.34979999999997,6.2603,Europe/Dublin,Education,,,,6.7
